district,election_year,total_pop,male_pop_percent,female_pop_percent,under_5_percent,5_to_9_percent,10_to_14_percent,15_to_19_percent,20_to_24_percent,25_to_34_percent,35_to_44_percent,45_to_54_percent,55_to_59_percent,60_to_64_percent,65_to_74_percent,75_to_84_percent,over_85_percent,median_age,18_and_over_percent,21_and_over_percent,62_and_over_percent,65_and_over_percent,18_and_over_male_percent,18_and_over_female_percent,65_and_over_male_percent,65_and_over_female_percent,white_pop_percent,black_pop_percent,american_indian_alaska_native_pop_percent,asian_pop_percent,native_hawaiian_pacific_islander_pop_percent,other_race_pop_percent,hispanic_pop_percent,total_housing_units
AL01,2018,713410,48.2,51.8,6.0,6.0,6.7,6.3,5.9,12.9,11.9,12.9,6.9,7.1,10.7,5.0,1.7,40.0,77.2,73.5,21.7,17.4,47.3,52.7,44.5,55.5,65.0,27.8,0.9,1.5,0.0,0.3,3.1,339357
AL02,2018,673776,48.8,51.2,6.0,6.1,6.6,6.9,6.6,13.0,12.7,12.8,7.3,5.8,9.4,5.0,1.7,38.5,77.4,72.7,19.6,16.1,47.7,52.3,43.8,56.2,62.0,30.6,0.3,1.0,0.0,0.2,3.6,313057
AL03,2018,710488,48.8,51.2,5.7,6.2,6.4,6.8,7.6,13.0,12.0,12.9,6.6,6.4,10.1,4.7,1.7,38.1,78.0,72.9,20.1,16.5,47.8,52.2,44.1,55.9,67.2,26.3,0.2,1.6,0.0,0.1,2.9,333318
AL04,2018,685553,48.6,51.4,6.1,6.5,6.4,6.8,5.8,11.7,12.1,12.9,6.8,6.7,10.8,5.5,1.7,40.7,77.0,73.0,22.1,18.1,48.3,51.7,43.4,56.6,83.0,7.1,0.7,0.6,0.0,0.1,6.7,316637
AL05,2018,718713,49.2,50.8,5.7,5.8,6.3,6.6,6.7,13.2,12.3,13.6,7.1,6.5,9.6,5.0,1.6,39.5,78.2,74.6,19.9,16.2,48.4,51.6,43.9,56.1,72.2,17.8,0.7,1.8,0.1,0.2,5.2,320117
AL06,2018,700401,47.7,52.3,6.0,6.2,7.2,6.7,6.0,12.3,13.3,13.4,6.5,6.6,9.2,4.6,1.9,39.1,76.5,72.6,19.8,15.8,47.2,52.8,42.8,57.2,75.9,15.7,0.2,1.9,0.0,0.1,4.5,299457
AL07,2018,672406,47.7,52.3,5.9,6.0,5.6,8.2,8.3,14.2,11.4,12.0,6.1,7.0,9.3,4.4,1.6,36.3,78.4,72.4,19.4,15.2,46.4,53.6,41.3,58.7,31.7,63.0,0.1,0.9,0.1,0.2,3.0,336726
AK01,2018,739795,52.1,47.9,7.2,7.4,6.6,6.5,7.3,16.0,13.1,12.0,6.6,6.1,7.7,2.7,0.8,34.5,75.0,71.1,14.6,11.2,52.6,47.4,50.0,50.0,60.6,2.9,14.2,6.6,1.2,0.2,7.0,316968
AZ01,2018,765810,50.5,49.5,5.8,6.3,7.5,8.1,7.0,12.2,11.6,10.7,6.5,6.3,10.7,5.7,1.6,37.6,76.2,70.7,22.0,18.0,50.2,49.8,47.8,52.2,47.9,2.3,21.8,1.6,0.5,0.0,23.6,338585
AZ02,2018,720429,49.5,50.5,5.8,6.0,5.1,5.4,7.5,12.8,10.8,11.6,6.2,7.0,12.2,6.8,2.8,41.4,79.7,76.1,26.0,21.8,49.1,50.9,46.0,54.0,60.5,3.7,1.1,3.2,0.2,0.1,28.9,350528
AZ03,2018,773297,50.0,50.0,7.0,7.1,7.8,8.7,9.0,14.1,13.2,11.1,5.4,5.1,7.1,3.2,1.2,31.8,73.4,67.1,14.3,11.5,49.7,50.3,44.8,55.2,25.7,3.9,3.7,1.7,0.3,0.3,63.0,273572
AZ04,2018,771214,50.4,49.6,4.9,5.4,5.7,5.5,4.6,10.5,9.9,11.5,6.7,7.7,16.2,9.0,2.4,48.1,80.9,77.7,32.5,27.6,50.4,49.6,48.7,51.3,74.0,1.5,1.4,1.4,0.0,0.0,19.2,400938
AZ05,2018,822497,48.8,51.2,6.3,7.2,8.0,7.2,4.6,12.1,13.8,13.3,6.0,4.9,9.4,5.3,1.9,38.0,73.7,70.3,19.7,16.6,47.4,52.6,44.2,55.8,70.6,3.0,0.9,4.3,0.1,0.1,18.3,335679
AZ06,2018,783087,49.0,51.0,5.7,5.2,6.0,5.3,5.2,13.9,12.1,13.4,7.7,7.1,10.6,5.7,2.1,42.3,79.5,76.9,22.6,18.4,48.4,51.6,45.7,54.3,71.7,2.3,1.7,5.2,0.1,0.1,16.6,363447
AZ07,2018,833654,50.1,49.9,8.5,7.8,8.5,8.4,8.3,16.5,13.2,11.9,4.9,4.4,4.8,2.1,0.8,29.7,70.5,65.2,10.3,7.7,50.3,49.7,46.6,53.4,18.4,10.0,2.1,2.5,0.2,0.2,64.3,268990
AZ08,2018,777208,48.0,52.0,5.3,5.6,6.6,5.4,5.7,11.9,12.1,13.4,6.3,5.8,12.2,6.9,2.8,43.1,79.1,75.8,25.3,22.0,47.4,52.6,44.4,55.6,69.3,3.9,0.7,4.1,0.2,0.2,19.4,326812
AZ09,2018,769074,51.2,48.8,6.3,5.6,6.0,6.9,9.2,18.2,13.3,12.0,6.0,5.0,7.3,3.0,1.3,33.5,78.5,73.3,14.4,11.5,51.1,48.9,45.0,55.0,56.0,6.2,2.2,4.9,0.3,0.6,27.4,340634
AR01,2018,722287,49.8,50.2,6.1,6.0,6.8,6.9,5.9,12.0,12.3,12.7,6.5,6.6,10.5,5.9,1.7,39.7,76.8,73.0,22.0,18.1,49.5,50.5,45.2,54.8,75.5,17.0,0.3,0.7,0.0,0.1,3.2,343260
AR02,2018,765193,48.6,51.4,6.3,7.0,6.1,6.5,6.9,13.8,12.6,12.6,6.6,6.0,9.3,4.2,1.9,37.4,76.7,72.5,18.8,15.4,47.7,52.3,44.3,55.7,67.6,22.8,0.2,1.6,0.0,0.4,5.3,342372
AR03,2018,807421,49.7,50.3,6.6,7.0,7.1,7.4,7.3,13.8,13.1,12.1,5.8,5.7,8.4,4.1,1.6,35.5,75.1,70.3,17.5,14.1,49.1,50.9,44.4,55.6,74.7,2.8,1.0,3.0,0.8,0.3,14.6,336959
AR04,2018,709378,48.9,51.1,5.7,6.5,6.5,7.0,6.4,11.1,11.3,12.7,7.0,6.7,10.9,6.2,2.0,40.8,77.2,72.8,23.0,19.1,47.8,52.2,44.2,55.8,71.6,19.1,0.7,0.7,0.2,0.1,5.9,347518
CA01,2018,718214,50.4,49.6,5.2,5.5,5.8,6.0,6.9,12.3,10.9,11.7,7.1,7.7,12.5,6.0,2.4,42.3,80.1,76.1,25.7,20.9,50.0,50.0,46.2,53.8,76.3,1.8,1.7,2.8,0.2,0.1,14.0,330193
CA02,2018,717999,49.5,50.5,4.8,5.8,5.7,6.2,5.3,10.3,12.7,13.6,7.8,7.2,12.5,5.7,2.3,44.3,80.1,76.2,24.9,20.6,49.0,51.0,45.7,54.3,70.4,1.3,1.7,3.9,0.3,0.9,17.7,322256
CA03,2018,750271,50.3,49.7,6.2,6.6,6.8,7.5,8.5,14.3,12.0,11.8,6.2,6.1,8.4,4.1,1.5,35.2,76.6,70.8,17.1,14.0,50.0,50.0,46.7,53.3,46.6,5.9,0.8,11.4,0.5,0.2,30.3,272320
CA04,2018,748410,49.7,50.3,4.7,6.0,6.3,5.9,5.3,10.5,11.7,13.3,7.7,7.8,12.2,6.3,2.2,44.6,79.2,76.2,25.2,20.8,49.1,50.9,46.8,53.2,75.1,1.2,0.9,5.3,0.1,0.1,13.8,361353
CA05,2018,732438,48.6,51.4,5.2,5.9,5.7,6.0,6.3,14.1,12.4,12.8,6.8,7.4,10.5,4.8,2.1,40.2,79.6,76.0,21.7,17.4,47.9,52.1,44.1,55.9,48.5,5.9,0.5,11.1,0.5,0.8,29.2,287187
CA06,2018,764344,48.8,51.2,7.3,7.3,6.5,5.5,6.8,17.5,13.6,11.3,6.2,5.6,7.0,3.7,1.6,34.4,75.6,72.4,15.7,12.3,48.0,52.0,43.0,57.0,36.5,12.5,0.3,15.6,1.6,0.3,27.6,292317
CA07,2018,750860,48.9,51.1,5.8,6.3,6.4,6.8,6.0,14.1,12.8,14.2,6.2,6.3,9.2,4.2,1.9,38.7,77.0,73.5,19.1,15.3,48.1,51.9,43.0,57.0,52.3,6.3,0.3,15.3,0.9,0.2,18.3,275316
CA08,2018,721449,49.9,50.1,7.7,7.5,7.6,7.4,7.1,13.5,11.9,12.0,6.4,5.3,8.0,3.9,1.5,34.2,72.7,68.3,16.9,13.5,49.2,50.8,47.0,53.0,42.9,6.6,0.9,3.3,0.5,0.1,43.0,300582
CA09,2018,774266,49.3,50.7,6.9,7.6,7.8,7.6,6.5,13.5,12.8,12.6,6.2,6.0,7.5,3.5,1.4,35.0,72.8,68.8,15.8,12.4,48.9,51.1,43.3,56.7,33.9,8.6,0.2,14.0,0.5,0.3,38.1,252568
CA10,2018,758005,50.0,50.0,6.8,7.7,7.4,7.3,7.1,14.2,12.6,12.8,6.1,5.1,7.6,3.9,1.4,34.6,73.4,69.3,15.7,12.9,49.2,50.8,44.3,55.7,41.0,3.1,0.3,7.5,0.7,0.0,44.3,248676
CA11,2018,764135,48.7,51.3,6.0,6.1,6.4,5.9,6.1,13.2,13.4,13.8,6.9,5.9,9.6,4.8,2.1,39.7,77.9,74.4,19.7,16.4,48.1,51.9,43.5,56.5,44.9,7.4,0.1,14.0,0.3,0.4,27.7,285066
CA12,2018,774736,51.1,48.9,4.6,3.0,3.8,3.0,5.4,24.3,16.1,13.5,5.8,5.5,8.4,4.2,2.5,38.2,86.8,84.9,18.5,15.1,51.3,48.7,44.8,55.2,42.2,5.2,0.2,32.4,0.4,0.6,14.8,363178
CA13,2018,766731,48.4,51.6,5.9,4.9,5.4,5.7,7.0,17.8,14.9,12.0,6.1,5.9,9.1,3.6,1.6,36.8,81.0,76.7,17.9,14.3,48.0,52.0,43.0,57.0,34.3,16.2,0.3,20.5,0.7,0.6,22.3,303161
CA14,2018,756389,49.1,50.9,5.4,5.9,5.3,5.4,5.8,15.6,14.3,13.5,6.5,6.2,9.1,4.5,2.4,39.4,80.1,76.9,19.7,16.0,48.5,51.5,44.2,55.8,33.5,2.7,0.1,33.9,1.4,0.3,24.0,265781
CA15,2018,785387,49.9,50.1,5.8,6.8,6.6,5.8,5.1,14.7,15.2,14.9,6.5,5.8,7.4,3.7,1.7,38.5,76.9,73.8,16.1,12.8,48.9,51.1,45.6,54.4,31.7,5.5,0.3,34.8,0.8,0.1,22.5,267251
CA16,2018,729788,49.8,50.2,8.6,7.8,8.2,7.6,8.0,15.8,12.5,11.2,4.9,4.9,6.3,3.1,1.2,30.8,70.8,65.8,13.6,10.5,49.6,50.4,45.4,54.6,21.6,4.9,0.5,9.5,0.1,0.1,61.7,226110
CA17,2018,771078,50.9,49.1,6.2,5.6,5.5,5.5,5.4,18.8,15.1,14.3,5.9,5.1,6.8,4.0,1.8,36.8,79.2,76.2,15.5,12.6,50.7,49.3,42.6,57.4,22.2,3.0,0.2,55.2,0.4,0.2,15.0,270458
CA18,2018,742728,50.5,49.5,5.6,6.0,6.2,6.0,5.6,14.2,13.2,15.0,6.9,6.1,8.3,4.5,2.4,39.8,78.4,75.2,18.7,15.2,50.2,49.8,45.5,54.5,52.6,1.6,0.3,24.0,0.1,0.3,16.6,286266
CA19,2018,770105,50.1,49.9,6.2,6.1,7.4,6.0,7.0,14.5,14.8,13.3,6.4,5.7,7.4,3.7,1.4,36.7,76.6,73.0,15.7,12.5,49.9,50.1,44.9,55.1,25.5,2.3,0.2,28.7,0.4,0.3,39.6,239821
CA20,2018,744295,50.3,49.7,6.3,6.5,7.6,7.6,8.4,13.9,12.8,12.1,6.0,5.6,8.1,3.6,1.7,34.9,75.6,69.9,16.8,13.5,50.1,49.9,44.7,55.3,36.4,1.8,0.1,5.1,0.2,0.1,53.3,250973
CA21,2018,723549,52.9,47.1,8.0,8.4,8.7,8.2,7.8,16.5,13.3,11.3,5.0,4.3,5.2,2.5,0.9,30.0,69.8,65.1,11.1,8.5,53.9,46.1,48.2,51.8,15.7,3.4,0.2,3.5,0.0,0.3,75.4,207010
CA22,2018,760328,49.1,50.9,7.8,8.6,8.5,7.2,7.1,14.3,12.4,11.1,5.3,5.3,7.1,3.4,1.9,32.2,70.6,66.4,15.4,12.4,48.1,51.9,43.4,56.6,37.3,3.5,0.4,7.5,0.2,0.2,48.8,258846
CA23,2018,745328,51.2,48.8,7.2,7.5,7.4,7.4,6.5,14.6,12.6,12.3,6.3,5.3,7.8,3.5,1.4,34.5,73.0,69.0,15.8,12.6,51.0,49.0,45.0,55.0,46.1,5.5,0.8,5.2,0.2,0.1,39.1,269961
CA24,2018,740039,50.2,49.8,5.6,6.0,5.5,8.3,10.8,12.6,11.0,11.2,6.1,6.3,9.6,4.8,2.3,36.0,79.5,71.9,20.3,16.6,50.0,50.0,45.5,54.5,53.7,1.6,0.4,4.6,0.1,0.2,36.6,283456
CA25,2018,721740,50.4,49.6,7.5,7.0,7.2,7.4,6.7,13.5,11.9,14.7,7.0,5.5,6.8,3.5,1.3,35.8,73.8,69.7,14.8,11.6,49.6,50.4,45.7,54.3,40.4,7.1,0.7,8.7,0.2,0.2,39.7,229818
CA26,2018,732091,49.4,50.6,6.2,6.4,7.0,6.5,7.0,13.2,12.7,13.0,7.2,5.8,8.8,4.1,2.1,38.0,76.5,72.6,18.4,15.0,49.1,50.9,44.9,55.1,42.6,1.7,0.3,6.7,0.1,0.1,45.8,247105
CA27,2018,717980,48.8,51.2,5.3,4.6,5.3,6.2,5.7,14.4,13.2,14.6,6.5,6.7,9.1,5.6,2.9,41.2,81.1,77.5,21.5,17.6,47.6,52.4,45.2,54.8,24.8,4.0,0.3,40.1,0.3,0.3,27.8,262156
CA28,2018,719156,50.1,49.9,4.1,4.1,4.1,4.2,5.9,19.3,14.1,15.2,6.7,6.7,8.5,4.7,2.5,40.3,85.2,82.4,19.4,15.6,49.5,50.5,41.3,58.7,56.8,3.2,0.2,12.2,0.0,0.3,24.2,329410
CA29,2018,713745,49.8,50.2,6.2,6.3,6.3,6.5,7.5,16.7,14.7,12.9,6.6,5.1,6.8,3.0,1.4,35.3,77.2,73.3,14.2,11.2,49.8,50.2,42.4,57.6,19.7,3.6,0.1,7.1,0.0,0.3,68.1,223806
CA30,2018,771201,49.4,50.6,5.2,5.7,5.4,5.2,6.0,15.9,14.1,14.3,7.1,6.2,8.0,4.1,2.7,39.3,80.6,77.3,18.5,14.8,49.3,50.7,44.0,56.0,50.0,4.5,0.2,13.1,0.1,0.3,28.0,294339
CA31,2018,762208,48.9,51.1,7.3,7.5,7.0,6.8,8.0,16.5,12.6,12.4,6.6,5.0,6.2,2.8,1.3,33.0,73.9,69.6,13.1,10.4,48.3,51.7,41.8,58.2,25.0,10.5,0.3,7.8,0.1,0.1,53.5,243979
CA32,2018,725317,49.1,50.9,5.4,5.8,6.6,6.6,7.8,15.0,13.6,13.2,6.1,6.1,8.5,3.7,1.7,37.1,78.2,73.8,17.5,13.9,48.6,51.4,43.5,56.5,14.3,2.0,0.2,19.5,0.5,0.3,61.9,204861
CA33,2018,705588,47.9,52.1,4.8,4.7,5.6,6.7,5.8,13.9,13.0,14.1,7.5,6.1,9.9,5.0,2.9,41.2,81.4,76.7,20.9,17.8,47.3,52.7,44.0,56.0,63.8,3.1,0.1,14.7,0.2,0.5,13.3,326448
CA34,2018,763303,51.2,48.8,6.0,5.5,5.6,5.7,8.4,19.1,14.8,13.4,5.3,4.8,6.1,3.4,1.7,34.8,79.6,75.6,13.9,11.3,51.3,48.7,40.9,59.1,11.1,4.1,0.2,19.0,0.2,0.2,63.6,275827
CA35,2018,745237,51.0,49.0,6.7,6.7,8.0,7.9,8.6,15.6,14.1,12.7,5.0,5.0,6.0,2.8,1.0,32.6,73.8,69.0,12.7,9.7,50.8,49.2,44.7,55.3,14.0,6.1,0.2,7.6,0.3,0.4,69.7,204443
CA36,2018,737403,49.6,50.4,5.4,5.4,6.1,5.7,5.6,11.6,11.9,12.1,7.2,7.1,11.9,7.4,2.6,43.7,79.3,76.3,26.0,21.9,49.4,50.6,47.2,52.8,41.3,4.0,1.0,3.8,0.1,0.2,48.0,373348
CA37,2018,713530,48.1,51.9,4.9,5.0,5.3,5.8,8.5,19.5,14.0,12.8,6.0,5.5,7.3,3.4,1.9,35.5,81.5,77.2,15.8,12.6,47.6,52.4,40.6,59.4,24.5,22.9,0.1,9.9,0.1,0.7,39.3,298878
CA38,2018,718428,48.9,51.1,6.0,5.5,6.6,6.9,7.3,14.7,13.3,13.3,6.2,5.5,8.1,4.7,2.0,37.0,77.8,73.4,18.2,14.8,48.6,51.4,44.5,55.5,17.3,3.8,0.4,15.4,0.3,0.5,60.3,212868
CA39,2018,736480,50.1,49.9,6.2,5.8,6.3,6.6,6.6,13.6,13.2,13.5,7.2,6.3,8.9,4.0,1.8,38.4,77.7,73.9,18.4,14.7,49.3,50.7,46.6,53.4,28.4,2.2,0.1,31.3,0.3,0.1,35.4,237021
CA40,2018,738618,50.1,49.9,7.8,8.1,8.5,7.5,8.1,16.6,12.9,12.6,5.2,4.3,5.0,2.2,1.2,30.6,70.9,66.5,10.8,8.4,49.0,51.0,42.9,57.1,3.8,5.0,0.2,2.1,0.3,0.1,88.1,190279
CA41,2018,765770,50.1,49.9,7.0,7.2,7.9,8.5,8.8,17.0,12.7,12.6,4.8,4.2,5.6,2.7,0.9,30.7,73.4,67.4,11.5,9.2,49.9,50.1,45.2,54.8,20.2,8.7,0.2,5.8,0.2,0.4,62.8,197450
CA42,2018,826899,49.5,50.5,7.2,7.7,8.3,7.7,6.7,13.1,13.5,12.9,6.1,5.0,6.8,3.5,1.4,34.6,71.8,67.8,14.6,11.8,48.9,51.1,43.2,56.8,41.5,5.9,0.2,9.2,0.3,0.4,39.3,240655
CA43,2018,745656,48.1,51.9,7.5,6.6,6.2,6.2,6.1,16.2,13.7,13.3,5.8,5.2,7.7,4.0,1.5,36.1,76.2,72.2,16.4,13.2,47.4,52.6,41.6,58.4,13.4,22.7,0.2,13.4,0.5,0.2,47.4,258334
CA44,2018,717097,48.5,51.5,7.4,7.4,8.2,7.1,8.2,15.3,13.3,12.1,5.4,5.1,6.0,2.9,1.3,32.3,72.4,68.1,13.1,10.2,48.0,52.0,42.3,57.7,6.5,14.0,0.2,5.8,0.3,0.2,71.6,194863
CA45,2018,777871,48.3,51.7,5.5,5.7,6.6,6.4,6.5,14.0,13.6,14.4,7.0,6.1,8.0,4.1,2.0,38.8,78.4,74.2,17.9,14.2,47.8,52.2,44.1,55.9,50.1,1.9,0.3,25.4,0.1,0.1,18.2,289849
CA46,2018,734649,50.5,49.5,6.6,6.7,7.0,7.2,8.9,17.5,13.7,12.8,5.8,4.3,5.5,2.8,1.1,32.4,75.7,71.0,11.9,9.5,50.2,49.8,42.1,57.9,17.2,1.7,0.1,12.9,0.3,0.1,66.6,196441
CA47,2018,723526,48.7,51.3,5.7,5.5,6.3,6.4,7.4,15.3,13.4,14.1,6.3,6.2,7.9,3.6,1.9,37.5,78.8,74.5,16.9,13.4,48.0,52.0,44.7,55.3,31.4,6.9,0.3,23.6,0.4,0.1,34.9,258080
CA48,2018,721632,48.9,51.1,5.6,5.0,6.0,5.6,5.3,13.5,11.8,15.4,7.2,6.2,10.3,5.5,2.6,42.9,79.9,76.9,22.1,18.4,48.6,51.4,45.5,54.5,55.8,1.0,0.2,18.0,0.3,0.3,20.7,290706
CA49,2018,747350,51.1,48.9,6.1,6.2,6.4,7.0,6.9,11.8,12.4,14.5,6.8,5.9,9.2,4.6,2.1,39.5,77.5,73.2,19.4,16.0,50.3,49.7,42.8,57.2,57.9,2.4,0.2,7.9,0.2,0.1,28.2,285539
CA50,2018,754388,49.5,50.5,7.0,6.0,7.0,6.3,6.3,14.1,12.8,13.4,6.4,6.0,8.6,4.0,2.0,37.3,75.9,72.6,17.8,14.6,49.1,50.9,45.2,54.8,55.0,2.2,0.8,4.9,0.2,0.1,33.6,257924
CA51,2018,746496,51.3,48.7,7.1,6.7,7.7,6.9,8.8,16.6,12.8,11.5,5.6,4.7,6.7,3.3,1.6,32.5,74.4,69.7,14.4,11.6,51.3,48.7,45.0,55.0,12.8,6.7,0.4,7.1,0.4,0.1,70.9,230777
CA52,2018,768240,50.3,49.7,5.4,5.1,5.6,5.5,7.8,18.6,13.5,12.9,6.3,5.4,8.1,3.8,1.7,36.2,80.7,76.8,17.0,13.7,50.4,49.6,44.1,55.9,57.3,2.6,0.4,20.1,0.5,0.5,14.6,309435
CA53,2018,774182,49.1,50.9,6.4,5.5,5.4,5.9,7.6,18.8,14.4,11.3,6.3,5.7,7.3,3.6,1.8,35.2,79.7,75.0,16.2,12.7,48.9,51.1,44.1,55.9,40.5,7.6,0.1,14.3,0.4,0.3,32.0,292525
CO01,2018,826995,50.2,49.8,6.2,5.6,5.2,5.0,5.9,21.7,15.6,11.9,5.7,5.2,7.3,3.2,1.5,35.2,80.0,77.0,15.1,12.0,49.9,50.1,44.2,55.8,58.5,7.8,0.5,3.4,0.1,0.1,27.5,373376
CO02,2018,799734,50.5,49.5,4.6,5.2,5.7,6.9,9.7,14.0,11.8,12.9,6.8,7.1,9.8,3.8,1.6,38.1,81.1,75.4,19.3,15.2,50.3,49.7,47.2,52.8,82.5,1.0,0.4,3.1,0.1,0.1,10.7,381482
CO03,2018,749478,50.1,49.9,5.5,5.9,6.6,6.6,5.8,12.8,12.4,12.2,7.4,7.0,11.0,5.0,1.7,40.3,78.3,74.2,22.0,17.7,49.8,50.2,47.6,52.4,70.9,0.6,1.4,0.8,0.1,0.2,24.4,371093
CO04,2018,817251,50.6,49.4,6.4,7.0,7.6,7.3,5.6,13.2,13.7,13.7,6.5,5.9,8.2,3.6,1.4,37.1,74.5,70.6,16.5,13.1,50.4,49.6,46.4,53.6,71.7,1.2,0.4,2.2,0.1,0.3,22.1,318045
CO05,2018,799622,51.1,48.9,6.3,6.3,6.9,6.6,7.5,15.4,12.9,12.2,6.4,6.0,8.4,3.6,1.5,35.6,76.5,72.5,17.0,13.5,51.0,49.0,45.5,54.5,70.7,5.4,0.6,2.3,0.3,0.3,16.4,326449
CO06,2018,814636,49.8,50.2,6.1,6.9,7.8,6.3,5.9,14.7,14.6,13.7,6.5,5.6,7.7,3.0,1.3,36.5,75.1,71.6,15.3,12.0,49.1,50.9,44.2,55.8,60.4,9.2,0.3,6.5,0.2,0.3,20.2,303826
CO07,2018,799438,49.9,50.1,6.3,6.3,6.3,6.4,6.4,16.3,14.1,12.6,6.7,5.3,7.9,3.9,1.5,36.1,77.0,73.4,16.5,13.4,49.6,50.4,43.6,56.4,62.9,1.8,0.5,3.4,0.0,0.2,29.4,311224
CT01,2018,710509,48.5,51.5,5.1,5.5,6.7,6.6,6.7,12.6,11.9,13.5,7.1,7.0,9.8,4.9,2.7,40.6,78.8,74.6,21.7,17.4,47.4,52.6,42.3,57.7,60.4,14.6,0.2,5.3,0.0,0.3,17.1,307367
CT02,2018,705217,49.8,50.2,4.3,4.6,5.8,7.4,8.1,11.7,10.7,15.0,7.9,6.8,10.1,5.2,2.3,42.6,81.4,76.1,21.8,17.7,49.4,50.6,45.2,54.8,81.5,3.5,0.4,3.3,0.0,0.2,8.5,308487
CT03,2018,716547,48.3,51.7,5.2,5.3,5.7,6.8,8.0,13.6,11.3,13.9,7.2,6.5,9.4,4.3,2.7,39.4,80.1,75.1,20.2,16.5,47.6,52.4,43.3,56.7,64.6,13.3,0.1,4.1,0.0,0.3,15.2,299755
CT04,2018,737616,48.6,51.4,5.5,6.4,7.2,7.3,6.0,11.4,12.6,15.1,7.1,6.4,8.1,4.4,2.5,40.0,76.4,72.7,18.8,15.0,47.7,52.3,42.4,57.6,60.2,10.7,0.2,5.7,0.0,0.3,20.8,289675
CT05,2018,718295,48.8,51.2,5.2,5.3,5.9,6.0,5.9,12.7,12.2,14.3,7.9,7.3,9.9,4.9,2.5,42.4,79.9,76.4,21.3,17.3,48.6,51.4,43.9,56.1,67.1,7.2,0.1,4.2,0.0,0.8,18.9,312211
DE01,2018,961939,48.4,51.6,5.7,5.9,6.0,6.2,6.1,13.6,11.5,12.9,7.0,6.9,10.8,5.2,2.0,40.1,78.8,74.7,22.0,18.0,47.7,52.3,44.5,55.5,62.2,21.5,0.2,4.0,0.0,0.2,9.3,432853
FL01,2018,770361,50.4,49.6,5.9,6.2,5.7,6.3,7.0,14.2,11.7,12.7,7.4,6.5,9.8,5.0,1.6,38.5,78.6,74.4,20.2,16.4,50.4,49.6,46.1,53.9,72.9,13.1,0.4,2.6,0.1,0.2,6.6,367932
FL02,2018,731845,51.1,48.9,5.1,5.6,5.8,6.8,6.4,11.8,12.2,12.5,7.4,7.0,11.4,5.9,2.2,41.9,80.0,75.2,23.6,19.5,51.0,49.0,46.4,53.6,75.5,13.1,0.2,1.7,0.1,0.2,6.8,352875
FL03,2018,739130,49.4,50.6,5.5,5.5,5.9,7.1,8.8,13.5,11.9,12.5,6.3,6.2,10.1,4.8,1.8,37.6,79.6,74.0,20.4,16.7,48.9,51.1,45.0,55.0,67.8,15.4,0.3,3.2,0.1,0.3,10.3,316412
FL04,2018,800494,49.1,50.9,5.8,6.0,5.5,5.7,6.1,14.6,12.4,13.8,7.8,6.0,10.2,4.5,1.5,39.6,79.3,75.5,19.6,16.2,49.0,51.0,44.9,55.1,74.4,9.3,0.1,4.7,0.0,0.4,8.8,349054
FL05,2018,729175,48.6,51.4,6.2,7.0,6.3,6.7,9.4,15.9,12.6,11.6,6.1,5.5,7.9,3.5,1.5,34.0,77.0,71.8,16.0,12.9,47.7,52.3,43.4,56.6,39.3,46.7,0.1,3.3,0.0,0.3,7.9,317297
FL06,2018,764500,48.8,51.2,4.4,4.8,5.0,5.6,5.3,10.9,10.5,12.4,7.7,8.1,14.3,8.3,2.8,47.9,82.5,78.9,30.3,25.4,48.2,51.8,46.5,53.5,73.5,9.9,0.3,1.9,0.0,0.2,12.8,370136
FL07,2018,772969,48.7,51.3,5.1,5.4,5.6,7.1,7.9,16.1,13.4,13.2,6.6,5.8,8.0,3.7,2.1,36.5,80.2,74.9,17.1,13.8,48.2,51.8,43.7,56.3,57.5,9.2,0.1,4.5,0.0,0.6,25.9,322729
FL08,2018,756993,48.5,51.5,4.6,4.5,5.5,5.7,5.3,10.4,9.9,13.0,9.0,7.4,13.4,7.7,3.7,48.5,82.0,78.8,28.7,24.8,48.1,51.9,45.9,54.1,74.5,9.1,0.3,2.2,0.2,0.5,10.8,364154
FL09,2018,868945,49.1,50.9,6.1,5.9,7.1,6.8,6.4,13.5,13.7,12.9,5.9,5.2,9.5,5.2,1.6,38.3,76.6,72.9,19.6,16.4,48.7,51.3,45.0,55.0,40.6,11.8,0.2,2.8,0.1,0.4,42.0,362699
FL10,2018,830014,49.0,51.0,6.7,6.4,6.8,6.0,7.2,16.9,13.9,13.5,6.2,5.1,7.2,2.9,1.2,35.0,76.2,72.9,14.4,11.3,48.3,51.7,43.3,56.7,35.6,27.1,0.1,5.3,0.2,1.5,27.9,323758
FL11,2018,770114,47.9,52.1,4.0,3.8,4.8,5.0,4.0,8.1,8.6,11.0,6.7,7.7,20.1,12.2,4.0,55.5,84.4,81.5,40.9,36.3,47.5,52.5,46.6,53.4,78.9,6.9,0.5,1.4,0.0,0.6,10.2,391939
FL12,2018,779151,48.5,51.5,4.9,5.0,5.6,5.7,4.9,10.3,11.5,13.4,7.7,6.8,13.2,7.7,3.3,46.5,80.9,77.8,28.5,24.3,47.7,52.3,45.0,55.0,77.1,4.6,0.2,2.7,0.1,0.4,13.0,367384
FL13,2018,730650,48.0,52.0,4.5,4.7,4.6,4.5,5.0,13.2,11.1,14.0,8.1,7.6,12.5,7.1,3.1,46.9,83.4,80.8,27.3,22.8,47.7,52.3,44.6,55.4,70.7,12.4,0.2,3.5,0.0,0.3,10.2,390247
FL14,2018,776940,49.0,51.0,5.9,5.8,5.6,6.5,7.5,15.8,13.2,14.1,6.2,6.1,8.0,3.6,1.7,37.1,79.2,74.8,16.7,13.3,48.0,52.0,43.8,56.2,45.5,16.5,0.3,4.7,0.0,0.3,30.6,337919
FL15,2018,804652,48.5,51.5,6.4,6.5,6.9,6.4,6.2,13.9,13.7,12.7,5.9,6.0,9.2,4.7,1.5,37.7,76.1,72.4,19.0,15.5,47.5,52.5,44.7,55.3,55.7,15.5,0.3,3.1,0.1,0.4,22.9,320680
FL16,2018,814209,48.6,51.4,5.1,5.4,5.8,5.2,4.3,10.7,11.0,11.9,7.1,6.7,14.3,8.5,3.9,47.3,80.3,77.6,30.4,26.7,48.1,51.9,45.0,55.0,70.0,8.5,0.2,2.1,0.0,0.1,17.6,404189
FL17,2018,778091,49.3,50.7,4.5,4.6,5.4,4.9,4.2,9.6,9.5,11.5,6.8,7.7,16.4,10.7,4.2,51.5,82.6,79.6,35.7,31.3,49.2,50.8,48.1,51.9,74.2,7.4,0.3,1.5,0.1,0.1,14.9,391018
FL18,2018,772184,48.5,51.5,4.5,5.1,5.7,5.7,5.1,10.0,10.8,12.8,7.4,7.6,13.4,8.6,3.4,47.7,81.3,78.1,29.7,25.3,47.9,52.1,45.6,54.4,66.0,12.5,0.2,2.2,0.2,0.2,17.2,369460
FL19,2018,814074,48.5,51.5,4.2,4.3,5.0,4.7,4.8,9.9,10.2,11.4,7.1,6.9,16.9,10.8,3.8,51.3,83.6,80.5,36.0,31.6,48.1,51.9,47.5,52.5,68.8,7.0,0.1,1.8,0.0,0.4,20.6,478335
FL20,2018,776092,48.9,51.1,7.2,6.2,6.5,6.2,6.7,14.7,14.0,13.5,5.7,5.6,7.8,4.0,2.0,36.6,76.4,72.7,17.0,13.8,48.3,51.7,43.0,57.0,18.3,52.1,0.2,2.4,0.0,0.5,24.9,285595
FL21,2018,788240,48.6,51.4,5.2,5.5,4.8,5.3,4.8,12.0,11.3,13.2,6.8,5.8,12.0,8.9,4.3,46.1,81.1,78.2,28.6,25.2,47.9,52.1,43.5,56.5,55.1,16.4,0.1,2.7,0.0,0.2,24.1,365548
FL22,2018,757352,49.6,50.4,4.5,4.8,5.6,5.2,5.1,12.6,12.1,14.1,8.1,7.2,11.2,6.0,3.5,45.1,82.1,78.9,24.7,20.7,49.6,50.4,47.2,52.8,57.6,14.4,0.0,3.3,0.0,0.6,22.0,391241
FL23,2018,753950,47.8,52.2,5.6,5.8,5.9,6.3,5.9,12.3,13.0,15.1,7.0,6.1,9.0,5.5,2.5,41.0,78.4,75.3,20.6,17.0,46.7,53.3,41.8,58.2,39.6,14.8,0.2,4.2,0.1,0.5,37.9,346151
FL24,2018,770480,48.7,51.3,6.8,6.0,6.6,6.0,6.1,15.5,14.3,13.3,6.5,5.6,8.0,4.2,1.3,37.0,77.0,73.5,16.6,13.5,47.8,52.2,43.8,56.2,11.7,46.9,0.0,1.1,0.0,0.5,39.0,270280
FL25,2018,780826,49.0,51.0,5.3,5.5,5.4,5.1,6.1,13.3,12.1,15.3,7.3,5.7,10.0,6.4,2.4,42.7,80.9,77.4,22.0,18.8,48.7,51.3,43.1,56.9,19.0,3.8,0.2,1.4,0.0,0.1,75.3,285247
FL26,2018,797160,49.2,50.8,5.4,5.7,5.7,6.5,7.4,14.0,13.9,15.0,6.2,5.5,8.3,4.6,1.8,38.7,79.2,75.2,18.0,14.7,48.5,51.5,41.2,58.8,15.8,8.4,0.0,2.5,0.0,0.2,72.3,261655
FL27,2018,755809,48.3,51.7,5.6,4.7,4.8,5.2,5.4,14.7,13.7,14.9,6.9,5.8,9.4,5.5,3.3,42.1,81.7,78.8,21.7,18.3,47.9,52.1,41.5,58.5,20.1,4.2,0.1,1.4,0.0,0.2,73.2,337651
GA01,2018,747334,49.1,50.9,6.8,6.6,6.5,6.5,7.6,15.1,12.1,12.5,6.5,5.5,8.8,3.9,1.5,35.6,76.3,72.1,17.1,14.2,48.6,51.4,43.6,56.4,59.0,28.9,0.5,1.6,0.6,0.3,6.9,325443
GA02,2018,674100,48.5,51.5,6.6,6.8,6.8,7.8,6.7,13.8,11.8,11.8,6.8,6.3,8.9,4.5,1.5,36.0,75.8,70.7,18.3,14.9,48.1,51.9,41.4,58.6,39.4,51.9,0.1,1.1,0.1,0.1,5.4,302635
GA03,2018,738066,48.9,51.1,5.8,6.1,7.6,7.1,6.5,11.9,13.0,14.4,6.9,6.0,9.0,4.1,1.6,38.6,76.3,72.3,18.1,14.7,47.9,52.1,44.1,55.9,65.1,24.3,0.2,2.1,0.0,0.2,6.1,297642
GA04,2018,765854,47.0,53.0,6.7,6.9,7.3,7.0,6.4,13.6,13.9,13.7,7.0,6.0,7.4,2.9,1.1,36.4,74.5,70.8,14.6,11.5,45.7,54.3,42.0,58.0,22.2,59.4,0.4,4.9,0.2,0.5,9.4,285964
GA05,2018,784370,48.2,51.8,6.3,6.0,5.5,6.8,9.3,19.2,13.2,12.6,5.1,4.9,6.9,3.0,1.2,33.0,79.0,73.5,13.6,11.1,47.4,52.6,40.8,59.2,28.3,57.6,0.1,4.5,0.0,0.4,6.6,363768
GA06,2018,756389,48.8,51.2,6.1,6.5,7.2,6.2,4.9,14.3,14.3,15.1,6.5,6.4,7.9,3.3,1.3,37.8,76.0,73.3,16.2,12.4,48.4,51.6,45.5,54.5,59.1,12.8,0.1,11.3,0.0,0.4,13.4,306443
GA07,2018,807492,49.3,50.7,6.8,7.5,8.0,7.3,6.1,12.6,15.8,15.3,5.7,4.8,6.4,3.1,0.7,36.1,73.0,69.4,12.9,10.2,48.4,51.6,42.8,57.2,43.3,19.6,0.2,14.1,0.0,0.4,20.0,276835
GA08,2018,702262,49.4,50.6,6.4,6.4,7.1,7.3,6.6,12.9,12.9,12.7,6.5,5.9,9.1,4.6,1.6,37.5,76.1,71.4,18.6,15.3,48.3,51.7,42.7,57.3,59.0,31.2,0.2,1.4,0.0,0.0,6.3,303091
GA09,2018,755181,49.3,50.7,5.7,5.8,7.0,7.1,6.0,10.8,12.1,13.9,7.2,6.3,11.1,5.5,1.7,41.4,77.4,73.2,22.0,18.2,48.7,51.3,45.0,55.0,76.8,6.8,0.1,1.5,0.0,0.2,13.1,334242
GA10,2018,736838,48.8,51.2,5.5,6.9,7.0,8.3,8.0,12.3,11.9,13.3,6.4,5.7,9.3,4.1,1.2,36.4,76.3,70.0,17.9,14.6,48.3,51.7,45.0,55.0,65.3,24.5,0.1,2.3,0.0,0.2,5.4,299899
GA11,2018,768968,49.1,50.9,5.6,6.1,7.1,7.2,6.8,14.6,14.0,14.7,6.7,5.3,7.6,3.2,1.2,36.9,76.8,72.6,15.1,12.0,48.4,51.6,43.2,56.8,66.6,15.9,0.1,3.2,0.0,0.4,11.2,307580
GA12,2018,722937,49.2,50.8,6.3,7.0,6.4,7.6,8.1,13.3,12.1,12.4,6.4,6.0,8.6,4.2,1.3,35.9,76.3,70.6,17.6,14.1,48.8,51.2,42.9,57.1,54.2,34.8,0.2,1.6,0.0,0.3,6.4,303768
GA13,2018,752631,47.0,53.0,7.1,7.3,7.6,6.9,5.9,13.5,14.9,13.7,6.3,5.4,7.5,2.8,1.0,36.1,73.4,69.7,14.5,11.3,45.6,54.4,42.3,57.7,24.6,59.5,0.1,2.7,0.1,0.2,10.9,289807
GA14,2018,716957,48.2,51.8,6.3,6.5,7.5,6.9,6.5,12.4,13.3,13.7,6.3,6.1,8.8,4.2,1.5,37.8,75.4,71.4,17.8,14.4,48.0,52.0,43.1,56.9,76.1,9.2,0.1,0.9,0.0,0.0,11.8,285137
HI01,2018,714328,49.8,50.2,6.0,5.4,5.4,4.9,6.5,15.3,12.8,12.8,6.6,5.9,10.0,5.2,3.3,39.7,80.3,77.3,22.0,18.4,49.6,50.4,43.7,56.3,15.7,1.7,0.1,49.7,6.9,0.1,8.3,264347
HI02,2018,713210,50.6,49.4,6.6,6.7,6.4,5.8,6.6,13.6,12.6,11.5,6.6,6.5,10.3,5.0,1.9,38.6,76.8,73.4,20.7,17.1,50.1,49.9,46.3,53.7,27.9,1.4,0.1,24.9,11.7,0.2,12.7,278608
ID01,2018,890052,50.0,50.0,6.3,6.5,7.8,7.2,5.8,12.1,12.5,12.2,6.7,6.5,10.2,4.5,1.8,38.2,75.0,71.1,20.0,16.5,49.4,50.6,46.6,53.4,83.6,0.6,1.2,1.2,0.1,0.1,10.6,374309
ID02,2018,826891,50.5,49.5,7.2,7.5,7.6,7.6,7.2,13.8,12.6,10.9,6.0,5.6,8.4,4.0,1.7,34.2,73.3,68.6,17.2,14.0,50.4,49.6,48.0,52.0,80.2,0.7,1.0,1.5,0.1,0.1,14.4,347509
IL01,2018,720977,46.4,53.6,5.8,6.0,7.0,6.7,6.9,13.2,11.4,12.9,7.9,6.7,9.2,4.5,2.0,38.7,77.3,73.2,19.7,15.7,45.5,54.5,40.3,59.7,35.3,50.0,0.1,2.0,0.0,0.2,10.9,310506
IL02,2018,702756,46.7,53.3,5.8,6.4,7.5,7.2,7.1,11.9,12.2,13.7,6.6,6.5,8.8,4.3,1.8,37.9,75.8,71.7,18.7,15.0,45.7,54.3,41.1,58.9,25.8,57.5,0.1,0.6,0.0,0.1,14.9,297195
IL03,2018,725538,50.2,49.8,7.1,6.2,7.6,6.3,5.6,13.0,13.7,12.8,7.1,6.3,8.2,4.3,1.9,37.7,75.1,71.9,17.9,14.4,49.7,50.3,44.0,56.0,57.0,4.6,0.1,5.1,0.0,0.0,32.1,263645
IL04,2018,700585,50.2,49.8,6.6,6.7,7.0,6.7,7.0,18.4,15.4,12.5,5.6,4.8,5.7,2.7,0.9,33.7,75.7,71.6,12.3,9.3,50.3,49.7,44.1,55.9,22.4,3.8,0.1,4.0,0.0,0.1,68.4,248904
IL05,2018,729300,49.7,50.3,5.5,4.9,4.8,4.8,7.3,21.7,14.7,12.1,5.5,5.4,7.4,4.3,1.6,35.6,82.2,79.0,16.5,13.3,49.4,50.6,44.7,55.3,67.5,2.8,0.1,7.5,0.0,0.3,19.4,324705
IL06,2018,720542,49.2,50.8,5.8,6.4,7.1,6.9,5.2,11.9,12.3,15.2,7.7,6.6,9.0,4.2,1.8,40.4,76.3,72.8,18.6,14.9,48.1,51.9,45.2,54.8,73.7,2.9,0.0,10.3,0.0,0.1,10.7,275469
IL07,2018,697263,47.9,52.1,6.2,5.3,4.8,6.0,7.9,20.4,13.3,11.9,5.6,5.0,7.9,4.1,1.5,34.6,80.3,76.1,16.3,13.5,47.2,52.8,41.1,58.9,30.7,45.3,0.1,6.3,0.0,0.4,15.4,344634
IL08,2018,713012,50.0,50.0,6.4,6.0,6.6,6.2,6.3,14.6,13.9,13.3,6.6,6.0,8.4,4.1,1.6,37.3,77.0,73.7,17.5,14.1,49.5,50.5,42.1,57.9,50.3,5.0,0.1,13.0,0.0,0.1,29.7,268273
IL09,2018,732614,49.0,51.0,6.1,5.7,5.4,5.8,6.2,13.9,12.9,13.9,6.7,6.2,9.3,5.0,2.9,40.2,79.4,75.6,20.7,17.2,48.0,52.0,43.1,56.9,62.8,8.7,0.1,12.4,0.1,0.3,12.7,317373
IL10,2018,714681,49.8,50.2,6.1,6.5,7.0,7.7,6.6,12.1,12.2,13.6,7.1,6.4,8.3,4.7,1.9,38.2,75.8,71.6,18.5,14.8,49.2,50.8,43.5,56.5,56.7,6.8,0.1,11.0,0.0,0.3,23.1,271550
IL11,2018,721823,49.7,50.3,6.2,6.8,7.9,7.0,6.4,13.0,14.6,13.8,6.4,5.3,7.8,3.4,1.3,36.9,74.6,70.8,15.5,12.6,49.0,51.0,43.5,56.5,51.0,10.9,0.1,8.0,0.1,0.1,27.7,262646
IL12,2018,695178,49.7,50.3,6.0,6.1,6.3,6.5,6.3,13.1,12.2,12.9,7.3,6.7,9.7,4.9,2.1,39.5,78.1,73.8,20.4,16.7,49.1,50.9,43.9,56.1,75.3,16.8,0.1,1.0,0.0,0.3,3.7,323763
IL13,2018,698295,49.6,50.4,5.3,5.3,5.8,8.1,11.0,12.3,11.7,11.5,6.4,6.3,9.2,4.7,2.4,36.6,80.0,72.8,19.8,16.3,49.1,50.9,42.6,57.4,78.4,11.7,0.1,3.7,0.0,0.1,3.3,322259
IL14,2018,746748,49.3,50.7,5.6,6.8,7.7,7.5,6.1,10.7,13.4,15.0,7.3,6.3,8.3,3.8,1.4,39.2,74.9,71.3,17.1,13.5,48.9,51.1,45.4,54.6,78.0,2.9,0.1,4.8,0.0,0.1,12.5,272946
IL15,2018,701482,50.0,50.0,6.0,6.2,6.6,6.1,6.1,12.1,11.9,12.5,7.2,7.0,10.2,5.8,2.4,40.6,77.4,74.0,22.4,18.4,49.9,50.1,45.5,54.5,90.5,4.0,0.1,0.8,0.0,0.1,2.8,318026
IL16,2018,690420,49.5,50.5,5.6,5.6,6.6,6.7,6.9,12.2,11.9,13.1,7.1,6.8,10.0,5.1,2.5,40.3,78.2,74.0,21.6,17.6,49.3,50.7,45.0,55.0,82.9,3.7,0.1,1.3,0.0,0.1,9.9,300697
IL17,2018,689744,49.3,50.7,6.1,5.9,6.5,6.6,6.1,12.1,11.6,12.5,6.9,7.3,10.4,5.3,2.8,40.7,77.5,73.3,22.6,18.4,48.8,51.2,43.8,56.2,75.3,11.7,0.1,1.4,0.1,0.1,9.3,323384
IL18,2018,701065,49.0,51.0,5.8,6.5,6.2,6.3,6.1,11.9,12.3,12.5,7.1,6.9,10.2,5.8,2.4,40.5,77.7,73.9,22.5,18.3,48.5,51.5,44.5,55.5,88.3,3.9,0.2,3.0,0.0,0.0,2.9,313441
IN01,2018,714257,49.1,50.9,5.9,6.3,6.6,6.7,6.3,12.5,12.7,13.0,7.4,6.6,9.3,4.4,2.3,39.2,77.0,73.1,19.7,15.9,48.6,51.4,43.3,56.7,62.5,18.2,0.2,1.4,0.0,0.0,15.8,308425
IN02,2018,722928,49.1,50.9,6.6,6.9,7.0,7.1,6.7,12.3,12.0,12.3,6.4,6.6,9.4,4.6,2.2,37.9,75.3,70.9,20.3,16.2,48.5,51.5,44.8,55.2,79.4,7.1,0.1,1.2,0.1,0.1,9.7,309036
IN03,2018,744914,49.6,50.4,6.9,6.9,7.2,7.0,6.5,13.0,11.6,12.8,6.3,6.7,8.9,4.3,1.9,37.2,74.5,70.8,19.2,15.2,48.7,51.3,44.0,56.0,82.9,5.9,0.1,2.3,0.0,0.1,6.2,321764
IN04,2018,758815,50.1,49.9,6.1,6.3,6.8,7.4,8.8,12.3,11.9,12.7,6.4,6.1,8.9,4.4,2.0,36.8,77.0,71.4,18.6,15.3,49.5,50.5,44.5,55.5,84.7,4.0,0.1,2.9,0.0,0.2,6.3,317235
IN05,2018,781441,48.8,51.2,6.0,6.8,7.4,6.4,5.3,13.2,13.6,13.9,6.8,6.0,8.6,4.3,1.8,38.5,75.8,72.4,17.8,14.6,47.9,52.1,44.1,55.9,80.8,8.9,0.2,3.5,0.0,0.2,4.1,332548
IN06,2018,720147,49.5,50.5,5.7,5.7,6.5,7.1,7.3,11.6,11.7,13.6,7.2,6.5,9.8,5.1,2.1,40.3,77.9,73.2,20.8,17.1,48.8,51.2,44.6,55.4,91.4,2.6,0.2,1.4,0.0,0.1,2.7,316397
IN07,2018,755875,48.1,51.9,7.7,6.8,6.9,6.7,7.3,16.7,12.7,11.9,6.1,5.4,7.0,3.2,1.5,33.5,74.4,70.3,14.8,11.7,47.1,52.9,40.9,59.1,52.0,28.9,0.2,3.2,0.0,0.4,12.0,335704
IN08,2018,714623,49.7,50.3,6.0,6.7,5.9,6.9,6.7,12.4,11.7,12.8,7.4,6.7,9.7,5.0,2.1,39.1,77.5,73.0,20.6,16.8,49.3,50.7,44.3,55.7,90.4,4.0,0.1,1.2,0.0,0.0,2.3,321216
IN09,2018,753818,49.6,50.4,5.7,6.1,6.1,7.3,7.9,13.0,12.5,12.7,6.6,6.4,9.4,4.5,1.8,38.0,78.3,72.9,19.7,15.7,48.8,51.2,44.1,55.9,88.8,2.9,0.1,2.4,0.0,0.2,3.4,323017
IA01,2018,774043,49.4,50.6,6.1,6.2,6.8,7.0,6.9,12.2,11.4,12.4,7.2,6.4,9.5,5.4,2.5,39.1,77.0,72.5,21.1,17.4,49.1,50.9,44.6,55.4,88.0,3.9,0.3,1.7,0.3,0.2,4.0,343521
IA02,2018,780802,49.7,50.3,6.1,6.4,6.3,7.0,8.0,12.2,11.8,12.2,6.8,6.3,9.6,4.9,2.3,38.2,77.3,72.1,20.4,16.8,49.2,50.8,45.0,55.0,85.3,3.9,0.2,2.8,0.1,0.0,5.5,346355
IA03,2018,835190,49.4,50.6,6.9,6.9,7.0,6.5,5.9,13.8,13.4,12.7,6.7,5.7,8.4,4.1,1.9,37.1,75.2,71.4,17.6,14.4,48.7,51.3,43.7,56.3,83.0,4.0,0.2,3.4,0.2,0.1,7.0,356679
IA04,2018,755676,50.1,49.9,6.1,6.3,6.0,7.4,7.8,11.7,10.9,11.3,7.1,7.1,9.7,5.7,3.0,39.2,77.7,72.7,22.4,18.3,50.0,50.0,44.7,55.3,87.4,1.4,0.4,2.3,0.1,0.0,7.1,351184
KS01,2018,702327,50.7,49.3,6.9,6.9,6.5,7.3,8.8,13.0,11.3,10.4,6.2,6.4,8.7,5.0,2.5,35.4,76.1,70.6,20.1,16.2,50.6,49.4,45.0,55.0,76.6,2.6,0.5,1.6,0.3,0.1,16.0,321959
KS02,2018,715120,50.1,49.9,5.9,6.8,6.1,7.3,8.0,12.4,11.5,12.0,6.9,6.4,9.7,4.8,2.4,37.9,77.3,72.2,20.6,16.8,49.5,50.5,44.9,55.1,82.3,4.4,1.1,1.7,0.1,0.1,6.7,321147
KS03,2018,770493,49.1,50.9,6.8,7.5,6.9,6.4,5.8,13.9,13.8,12.9,6.2,6.3,8.1,3.4,1.9,36.7,74.5,71.3,17.1,13.4,48.5,51.5,43.9,56.1,71.8,8.5,0.3,4.9,0.0,0.1,12.1,314040
KS04,2018,725183,49.6,50.4,6.9,7.3,7.2,6.8,6.5,13.4,11.9,11.7,6.8,6.3,8.7,4.5,2.1,36.7,74.3,70.6,18.8,15.2,49.1,50.9,44.8,55.2,73.2,6.4,0.5,3.4,0.0,0.2,12.6,316630
KY01,2018,716177,49.8,50.2,6.4,6.3,6.4,6.9,6.5,11.5,11.8,12.5,6.9,6.7,10.5,5.6,2.0,40.3,77.0,72.5,22.0,18.1,48.8,51.2,43.9,56.1,87.3,7.2,0.2,0.7,0.1,0.1,2.8,336118
KY02,2018,760681,49.2,50.8,6.3,6.0,7.1,7.2,6.7,12.3,12.2,13.4,7.2,6.1,9.2,4.7,1.6,38.4,76.7,72.0,19.2,15.4,48.7,51.3,44.7,55.3,86.7,5.3,0.2,1.3,0.3,0.1,3.6,328832
KY03,2018,746559,48.4,51.6,6.4,6.2,6.1,5.9,6.4,14.9,12.6,12.4,7.0,6.4,9.2,4.5,2.1,37.9,77.8,74.5,19.6,15.8,47.6,52.4,42.6,57.4,67.0,22.0,0.1,3.0,0.0,0.3,5.5,335868
KY04,2018,760043,49.6,50.4,6.1,7.0,6.7,6.7,5.6,12.9,13.0,13.9,7.5,6.0,9.0,4.3,1.4,39.0,76.0,72.2,17.9,14.6,48.9,51.1,44.3,55.7,89.6,3.5,0.1,1.1,0.1,0.0,3.3,312514
KY05,2018,696337,49.8,50.2,5.7,5.8,6.4,7.0,5.8,12.0,12.3,13.7,7.5,6.7,10.4,5.0,1.6,40.9,78.1,73.7,20.7,17.1,49.3,50.7,45.5,54.5,96.1,1.3,0.3,0.4,0.0,0.0,0.8,332437
KY06,2018,774392,49.0,51.0,6.3,6.3,5.9,7.0,8.3,13.5,12.9,12.7,6.4,6.0,9.0,4.2,1.6,37.1,77.8,72.4,18.3,14.8,48.4,51.6,43.9,56.1,82.0,8.3,0.2,1.9,0.0,0.3,4.6,338466
LA01,2018,808968,48.6,51.4,6.4,6.4,6.6,6.3,5.9,14.0,12.9,12.6,6.6,6.6,9.8,4.5,1.5,38.3,76.9,73.2,19.4,15.8,47.9,52.1,45.2,54.8,70.8,14.4,0.9,2.4,0.0,0.3,9.3,340790
LA02,2018,797298,48.0,52.0,6.5,6.1,6.2,6.6,7.0,15.0,13.0,12.2,6.6,6.7,8.7,3.9,1.5,36.6,77.4,73.3,18.1,14.1,46.8,53.2,42.8,57.2,27.5,61.7,0.1,2.5,0.0,0.3,6.7,354048
LA03,2018,788118,48.7,51.3,7.0,7.1,6.7,7.3,6.0,14.2,12.3,12.2,6.8,6.3,8.3,4.0,1.7,36.1,75.0,70.7,17.6,14.0,47.9,52.1,43.7,56.3,67.2,24.6,0.2,1.6,0.0,0.3,4.0,343095
LA04,2018,753143,49.3,50.7,6.7,6.7,6.5,6.9,7.0,13.2,12.4,12.0,6.4,6.1,9.5,4.9,1.7,37.1,76.1,71.6,19.8,16.1,48.7,51.3,43.7,56.3,58.1,33.8,0.8,0.9,0.0,0.3,4.0,351759
LA05,2018,740217,49.9,50.1,6.3,6.4,7.2,7.3,6.9,12.7,12.7,12.0,6.3,6.5,9.4,4.6,1.7,37.5,75.9,71.4,19.6,15.8,49.1,50.9,43.2,56.8,59.4,35.8,0.3,0.9,0.0,0.1,2.4,331753
LA06,2018,796589,49.0,51.0,6.4,6.4,6.8,6.9,8.1,14.7,12.1,12.9,6.5,5.8,8.3,3.8,1.5,35.6,76.5,71.6,16.5,13.5,48.3,51.7,42.9,57.1,67.9,23.0,0.5,2.4,0.0,0.1,4.5,340137
ME01,2018,683279,48.6,51.4,4.7,5.2,5.5,5.8,5.7,12.4,11.7,13.9,8.1,7.3,11.7,5.2,2.8,44.0,81.4,77.7,23.8,19.7,48.0,52.0,44.7,55.3,92.7,1.6,0.3,1.6,0.0,0.0,1.9,359829
ME02,2018,652628,49.5,50.5,5.0,5.3,5.5,6.5,5.4,11.3,10.9,13.8,8.1,8.0,12.2,5.7,2.4,45.1,80.6,76.6,24.9,20.2,48.9,51.1,46.7,53.3,94.0,0.7,0.9,0.6,0.0,0.1,1.4,382815
MD01,2018,734002,49.5,50.5,5.0,5.8,6.5,6.7,6.1,11.5,10.9,14.2,7.7,7.1,10.7,5.7,2.0,42.6,78.7,74.6,22.3,18.4,48.6,51.4,45.4,54.6,79.5,11.8,0.1,1.8,0.0,0.0,4.1,341183
MD02,2018,765155,47.6,52.4,6.7,6.9,6.5,5.3,6.8,16.0,13.5,12.5,6.7,6.3,8.0,3.6,1.5,36.3,76.7,73.6,16.7,13.0,46.5,53.5,41.1,58.9,48.1,34.3,0.2,5.8,0.1,0.3,8.0,308007
MD03,2018,763763,47.6,52.4,6.0,5.3,6.1,6.0,6.8,16.2,13.1,12.4,7.0,6.3,8.0,4.5,2.3,37.3,79.2,75.5,18.6,14.8,47.0,53.0,42.8,57.2,55.7,23.1,0.2,8.8,0.0,0.5,8.6,313684
MD04,2018,761353,48.5,51.5,6.7,6.3,6.4,5.9,6.3,14.3,13.4,14.4,6.7,6.1,8.4,3.9,1.4,38.1,76.9,73.6,17.2,13.6,47.9,52.1,42.6,57.4,26.3,51.0,0.2,3.2,0.0,0.3,16.6,286735
MD05,2018,768507,48.9,51.1,5.7,6.2,6.9,7.4,6.6,13.1,12.7,14.9,7.3,6.0,8.4,3.7,1.3,38.2,77.2,72.5,16.8,13.3,48.0,52.0,44.4,55.6,44.5,37.9,0.3,4.0,0.1,0.2,9.7,282683
MD06,2018,779616,50.2,49.8,6.3,6.2,6.2,6.4,6.2,12.8,13.4,14.9,7.4,5.8,8.4,4.2,1.8,38.9,77.1,73.7,17.4,14.3,49.9,50.1,44.6,55.4,57.1,12.2,0.2,11.8,0.0,0.2,15.1,302546
MD07,2018,718158,47.8,52.2,5.7,5.4,6.2,6.9,6.6,14.1,11.8,14.4,6.8,6.5,9.4,4.2,2.0,38.9,78.6,74.1,19.1,15.6,46.9,53.1,41.7,58.3,33.9,52.3,0.2,7.4,0.0,0.3,3.5,318853
MD08,2018,761623,47.8,52.2,6.0,6.1,6.5,5.9,5.7,12.6,13.2,14.0,7.0,6.5,9.4,4.9,2.2,40.4,77.6,74.3,20.4,16.4,47.1,52.9,42.4,57.6,60.1,13.2,0.1,8.4,0.0,0.8,14.6,295432
MA01,2018,736460,48.0,52.0,5.2,5.3,5.9,7.0,7.0,12.6,11.5,13.2,7.8,6.6,10.1,5.0,2.5,40.8,79.6,75.0,21.5,17.6,47.4,52.6,43.3,56.7,71.7,5.7,0.1,2.4,0.0,0.3,18.2,322646
MA02,2018,744124,48.8,51.2,4.6,5.2,6.0,8.1,8.8,12.4,11.5,13.8,6.9,6.8,9.5,4.2,2.2,39.6,80.4,74.0,20.0,15.9,48.1,51.9,43.8,56.2,76.5,5.0,0.2,5.7,0.0,0.2,9.9,303616
MA03,2018,769115,50.0,50.0,6.0,5.7,6.7,6.7,6.9,12.2,12.9,14.8,7.5,6.3,8.4,4.0,1.8,39.1,77.6,73.5,17.8,14.2,49.3,50.7,44.4,55.6,66.4,2.6,0.1,8.4,0.0,0.5,20.1,294473
MA04,2018,752077,48.0,52.0,5.1,6.0,6.7,7.0,6.4,11.6,12.2,15.6,7.1,6.6,9.0,4.4,2.2,41.1,78.2,73.9,19.3,15.7,47.3,52.7,43.0,57.0,82.2,3.2,0.0,6.0,0.0,0.7,5.4,294111
MA05,2018,766210,48.3,51.7,5.7,5.8,5.5,6.0,6.5,15.7,13.4,13.5,6.5,6.2,8.3,4.6,2.2,38.1,79.5,75.6,18.6,15.2,47.5,52.5,44.0,56.0,69.9,5.5,0.1,12.3,0.0,0.8,9.2,305997
MA06,2018,774450,48.5,51.5,5.1,5.3,6.1,6.2,6.1,11.7,11.7,14.8,8.0,7.0,10.2,4.9,2.8,42.9,79.7,75.9,22.1,18.0,47.7,52.3,42.4,57.6,81.6,3.3,0.2,3.7,0.0,0.2,9.4,311296
MA07,2018,806820,48.7,51.3,5.0,4.6,4.1,7.4,10.9,23.9,12.4,10.3,5.3,4.8,6.7,3.2,1.5,31.7,83.5,76.6,14.0,11.3,48.1,51.9,42.0,58.0,40.4,23.4,0.2,10.4,0.0,0.9,22.5,326446
MA08,2018,762640,48.1,51.9,5.7,5.2,5.3,5.8,5.6,15.8,13.3,13.6,7.0,6.5,9.1,4.7,2.4,39.8,80.4,76.8,19.9,16.2,47.7,52.3,43.5,56.5,71.3,10.0,0.2,8.5,0.0,2.6,5.5,323528
MA09,2018,747923,48.9,51.1,4.7,4.8,5.7,6.1,5.9,10.9,10.6,14.2,7.7,7.6,12.4,6.3,3.1,46.1,81.0,77.6,26.1,21.8,48.1,51.9,43.1,56.9,86.1,3.1,0.2,1.2,0.0,1.9,5.6,412477
MI01,2018,698974,50.7,49.3,4.7,4.9,5.4,6.3,6.0,10.4,10.4,12.7,8.0,8.6,13.2,6.6,2.9,46.6,81.4,77.4,27.8,22.7,50.7,49.3,48.0,52.0,90.9,1.5,2.2,0.6,0.0,0.0,1.9,450186
MI02,2018,737365,49.0,51.0,6.3,6.5,6.7,7.0,7.0,13.1,11.6,12.5,6.9,6.3,9.2,4.8,2.0,37.6,76.6,72.0,19.7,16.0,48.6,51.4,45.3,54.7,78.8,6.4,0.5,2.2,0.0,0.1,9.3,323146
MI03,2018,743830,50.4,49.6,6.4,6.8,6.5,7.0,6.9,13.8,12.6,12.8,6.6,6.4,8.4,4.0,1.9,37.1,76.0,72.0,18.1,14.2,49.8,50.2,45.0,55.0,78.7,8.1,0.2,2.1,0.0,0.1,8.0,300068
MI04,2018,702994,50.1,49.9,5.1,5.6,6.1,7.2,7.5,11.2,10.9,13.0,7.4,7.3,10.9,5.5,2.3,41.6,79.3,73.8,23.0,18.7,49.7,50.3,46.0,54.0,91.4,1.9,0.6,1.0,0.0,0.0,3.2,350440
MI05,2018,677788,48.6,51.4,5.7,5.5,6.5,6.2,6.1,12.3,11.3,13.3,7.6,7.1,10.5,5.4,2.4,41.8,78.2,74.7,22.4,18.3,47.7,52.3,43.8,56.2,73.9,16.9,0.4,0.9,0.0,0.2,4.9,331572
MI06,2018,718436,49.4,50.6,6.1,6.1,6.4,6.7,7.9,12.1,11.5,12.6,7.2,6.7,9.9,4.8,1.9,38.7,77.4,73.1,20.3,16.6,48.9,51.1,45.1,54.9,80.4,7.8,0.4,1.6,0.1,0.2,6.3,331060
MI07,2018,701645,50.1,49.9,5.4,5.6,6.4,6.7,5.9,11.8,11.4,13.9,7.8,7.3,10.5,5.2,2.1,42.3,78.4,74.8,22.0,17.8,49.8,50.2,45.5,54.5,87.5,4.1,0.4,1.0,0.0,0.2,4.7,306537
MI08,2018,736333,49.3,50.7,5.4,6.1,6.1,7.9,8.7,11.9,11.7,13.8,7.1,6.3,9.4,4.1,1.6,38.4,78.2,72.6,18.5,15.0,48.7,51.3,45.8,54.2,81.5,5.5,0.2,4.4,0.0,0.2,5.2,301687
MI09,2018,720890,49.1,50.9,5.5,5.1,5.9,5.4,6.4,15.0,12.1,14.0,7.3,6.6,9.5,4.9,2.4,40.3,80.1,77.1,20.6,16.8,48.5,51.5,42.7,57.3,75.9,14.2,0.3,4.7,0.1,0.4,2.5,323359
MI10,2018,717703,49.1,50.9,5.1,5.5,6.6,6.5,5.5,11.2,11.7,14.6,7.8,7.3,10.7,5.2,2.1,43.0,78.4,75.3,22.0,18.0,48.8,51.2,45.5,54.5,90.1,2.7,0.2,1.7,0.0,0.1,3.3,312743
MI11,2018,727901,49.1,50.9,5.2,5.4,6.7,6.6,5.7,11.8,12.5,14.9,8.0,7.0,9.5,4.8,1.9,42.0,78.4,75.2,20.0,16.2,48.2,51.8,43.7,56.3,78.7,5.5,0.3,10.4,0.0,0.1,3.0,304194
MI12,2018,708060,49.0,51.0,5.6,5.9,5.9,7.8,9.4,14.0,11.8,13.3,6.2,6.1,8.6,3.5,1.7,35.9,78.9,73.0,17.4,13.8,48.7,51.3,43.5,56.5,74.4,10.4,0.2,5.5,0.0,0.2,6.2,297944
MI13,2018,674157,47.7,52.3,7.1,6.4,6.4,6.3,7.5,14.7,11.5,12.8,6.4,6.1,8.7,4.2,2.0,36.4,76.4,72.5,18.4,14.8,46.9,53.1,41.7,58.3,33.8,53.6,0.3,1.6,0.0,0.2,8.4,331681
MI14,2018,696235,47.8,52.2,6.8,6.1,6.7,6.0,6.9,14.4,11.6,12.3,6.8,6.9,8.7,4.4,2.3,37.4,76.5,73.1,19.5,15.5,46.6,53.4,40.8,59.2,31.3,56.3,0.2,5.1,0.0,0.1,4.0,330657
MN01,2018,675755,49.9,50.1,6.1,6.5,6.5,6.7,7.3,12.3,11.9,12.0,6.8,6.7,9.2,5.2,2.7,38.3,76.9,72.5,21.1,17.1,49.7,50.3,45.3,54.7,85.8,3.1,0.2,2.7,0.0,0.0,6.3,292250
MN02,2018,705074,49.8,50.2,6.3,6.8,7.7,7.0,5.5,12.8,13.4,14.2,7.2,6.1,7.9,3.8,1.5,37.5,74.9,71.2,16.7,13.2,48.9,51.1,44.5,55.5,80.6,5.1,0.3,4.9,0.0,0.1,6.3,272142
MN03,2018,714299,48.7,51.3,6.7,6.5,6.3,5.9,4.3,12.7,13.3,13.8,8.0,7.0,9.2,4.2,2.0,40.4,76.3,73.8,19.3,15.5,48.1,51.9,44.6,55.4,77.9,8.2,0.2,7.1,0.0,0.2,3.7,290315
MN04,2018,714075,48.7,51.3,6.8,6.4,6.4,6.5,6.8,15.5,12.5,12.1,6.7,6.0,8.4,4.2,1.8,36.0,76.5,72.6,18.0,14.3,48.3,51.7,44.2,55.8,66.4,10.6,0.4,13.0,0.0,0.1,6.8,284463
MN05,2018,721389,50.2,49.8,6.3,6.0,5.6,5.6,8.1,20.9,13.7,11.3,5.8,4.9,6.9,3.3,1.7,33.8,79.3,75.0,14.8,11.9,50.0,50.0,43.1,56.9,62.3,16.6,0.9,6.7,0.0,0.1,9.9,314890
MN06,2018,716009,50.4,49.6,6.5,7.3,7.3,7.3,6.7,12.1,13.3,13.9,7.1,5.8,7.7,3.7,1.3,37.0,74.6,70.2,16.1,12.7,50.2,49.8,45.5,54.5,88.0,3.9,0.4,2.3,0.0,0.1,3.1,273331
MN07,2018,662695,50.5,49.5,6.3,6.5,6.7,6.7,5.7,11.2,11.1,11.8,7.2,7.3,10.3,5.8,3.3,40.8,76.6,72.4,23.7,19.4,50.2,49.8,46.3,53.7,88.4,1.7,2.9,0.8,0.1,0.1,4.3,332597
MN08,2018,667310,50.8,49.2,5.6,5.8,6.3,6.2,6.2,10.9,11.3,12.5,7.9,7.6,11.5,5.7,2.6,42.8,78.8,74.6,24.5,19.8,50.4,49.6,47.3,52.7,91.6,1.1,2.4,0.8,0.0,0.0,1.8,377738
MS01,2018,764896,48.6,51.4,5.9,6.3,7.2,8.0,6.8,11.9,13.0,12.6,6.7,5.8,9.5,4.7,1.6,38.1,76.3,70.9,19.1,15.8,47.7,52.3,42.9,57.1,66.7,27.4,0.1,0.7,0.0,0.2,3.2,333581
MS02,2018,701238,47.9,52.1,6.2,6.9,7.6,7.7,7.3,11.8,12.7,12.2,6.5,6.2,9.0,4.2,1.6,36.7,75.0,69.7,18.5,14.8,46.9,53.1,42.2,57.8,29.8,67.1,0.3,0.4,0.0,0.0,1.7,312799
MS03,2018,749247,48.5,51.5,5.8,6.6,7.0,7.2,7.3,11.9,12.9,12.3,7.0,6.1,9.5,4.7,1.8,37.5,76.5,72.1,20.0,15.9,47.4,52.6,42.8,57.2,59.1,35.6,1.1,1.0,0.0,0.0,2.2,334747
MS04,2018,768719,48.9,51.1,6.5,6.2,7.0,7.3,6.6,12.9,12.1,12.7,6.1,6.8,9.4,4.8,1.6,37.4,76.3,71.6,19.6,15.8,48.2,51.8,44.7,55.3,68.4,23.9,0.2,1.4,0.1,0.1,4.2,342627
MO01,2018,729026,47.1,52.9,6.5,5.9,6.0,6.2,7.4,16.5,12.5,12.0,7.0,6.6,7.7,3.7,2.1,36.0,78.1,74.1,17.2,13.4,45.9,54.1,40.3,59.7,40.5,49.3,0.3,3.5,0.0,0.4,3.6,370733
MO02,2018,764043,48.7,51.3,5.4,5.5,6.3,6.0,5.1,12.3,11.7,13.6,7.6,7.2,11.0,5.2,3.0,42.8,78.8,75.8,23.4,19.2,48.0,52.0,43.4,56.6,86.2,4.0,0.1,4.4,0.0,0.4,3.0,323290
MO03,2018,792954,50.0,50.0,6.1,6.4,7.2,6.7,5.9,12.6,12.6,13.3,7.2,6.5,9.4,4.7,1.6,38.9,76.2,72.6,19.3,15.6,49.5,50.5,45.2,54.8,90.9,3.3,0.2,1.2,0.0,0.1,2.1,345426
MO04,2018,769533,50.0,50.0,6.2,6.3,6.3,7.6,8.5,12.7,11.1,12.0,6.7,6.0,9.7,5.2,1.7,36.9,77.4,71.5,20.0,16.6,49.3,50.7,45.1,54.9,86.6,4.4,0.5,1.5,0.3,0.1,3.9,353033
MO05,2018,770628,48.9,51.1,6.7,6.5,6.3,6.0,6.2,15.4,12.4,12.3,6.7,6.3,8.7,4.5,1.8,36.9,76.7,73.2,18.7,15.0,48.1,51.9,42.9,57.1,63.8,21.4,0.3,1.9,0.3,0.4,9.2,362781
MO06,2018,773740,48.9,51.1,6.0,6.4,7.0,7.0,6.6,12.2,12.4,13.0,6.6,6.4,9.3,5.1,2.0,38.6,76.5,72.2,20.1,16.4,48.5,51.5,45.1,54.9,86.9,4.2,0.3,1.7,0.2,0.1,4.1,335344
MO07,2018,777380,49.0,51.0,6.3,5.9,6.8,6.8,7.7,12.9,11.4,12.3,6.3,6.4,9.9,5.3,2.1,37.9,77.1,72.2,20.8,17.2,48.4,51.6,44.3,55.7,87.8,1.8,0.9,1.3,0.3,0.0,5.3,358546
MO08,2018,736228,50.4,49.6,5.8,6.2,6.4,6.8,5.9,12.0,11.3,12.6,7.8,6.4,10.7,6.2,1.9,40.9,77.6,73.5,22.5,18.7,49.8,50.2,45.8,54.2,90.6,4.5,0.3,0.8,0.0,0.1,2.2,343292
MT01,2018,1050493,50.1,49.9,5.8,6.1,6.2,6.2,6.7,12.6,11.9,11.7,6.9,7.6,10.9,5.2,2.0,40.0,78.1,74.2,22.4,18.1,50.0,50.0,48.2,51.8,86.3,0.4,5.9,0.7,0.1,0.1,3.7,510408
NE01,2018,648060,50.2,49.8,6.8,6.7,6.6,7.1,8.8,13.3,12.0,11.4,6.4,6.0,8.7,4.4,1.9,35.6,76.1,71.1,18.5,15.0,50.1,49.9,45.0,55.0,81.8,2.7,1.0,2.8,0.1,0.1,9.3,275347
NE02,2018,668800,49.5,50.5,7.5,6.9,7.5,6.7,6.2,15.3,13.6,12.2,6.4,5.3,7.6,3.4,1.5,34.9,73.8,70.3,15.5,12.4,48.9,51.1,44.0,56.0,72.1,9.3,0.3,3.7,0.0,0.1,11.6,273651
NE03,2018,603216,50.1,49.9,6.3,6.8,7.2,6.3,5.8,11.7,11.2,11.5,6.9,7.2,10.1,5.9,3.1,39.9,76.1,72.0,23.2,19.1,49.5,50.5,45.6,54.4,83.8,1.2,0.7,0.6,0.0,0.1,12.0,288542
NV01,2018,720730,50.8,49.2,5.8,5.9,6.4,5.9,7.4,16.5,13.1,14.3,6.2,5.5,7.9,3.9,1.2,36.5,78.1,74.3,16.0,13.0,50.9,49.1,47.3,52.7,28.7,11.5,0.8,8.3,0.9,0.3,46.3,306905
NV02,2018,720704,50.9,49.1,5.8,6.1,6.1,6.0,6.2,13.9,12.1,12.9,7.5,6.3,10.7,4.7,1.6,39.7,78.3,74.9,20.6,16.9,50.8,49.2,48.4,51.6,65.8,1.8,2.2,3.9,0.5,0.4,23.0,313435
NV03,2018,803545,48.9,51.1,5.7,6.6,5.8,5.8,5.2,14.3,14.4,13.2,6.1,6.0,10.3,4.8,1.6,39.3,78.2,75.0,20.5,16.7,48.5,51.5,45.7,54.3,56.2,7.5,0.1,14.4,0.8,0.5,16.8,343067
NV04,2018,753060,50.4,49.6,7.2,7.2,7.1,6.5,6.0,13.6,13.5,12.5,6.3,5.5,9.3,4.0,1.1,36.7,74.2,70.9,17.7,14.4,49.6,50.4,48.3,51.7,43.9,14.5,0.8,6.2,0.5,0.3,30.5,286326
NH01,2018,673194,49.6,50.4,4.8,5.0,5.9,6.3,6.9,13.2,11.4,14.7,8.1,7.1,10.3,4.4,2.0,42.0,80.7,76.5,21.1,16.7,48.9,51.1,44.9,55.1,90.9,1.4,0.1,2.4,0.0,0.0,3.5,322515
NH02,2018,669601,49.5,50.5,4.6,5.2,5.7,6.6,6.3,11.2,11.2,14.5,8.8,7.3,11.0,5.0,2.5,44.3,80.8,76.5,22.6,18.5,49.3,50.7,46.4,53.6,89.8,1.3,0.1,2.9,0.0,0.1,4.1,312174
NJ01,2018,729675,48.5,51.5,5.7,5.9,6.7,6.5,6.2,13.2,12.8,13.8,6.9,6.5,9.0,4.9,1.8,39.4,77.7,74.0,19.1,15.7,47.7,52.3,42.4,57.6,61.8,16.1,0.1,5.5,0.1,0.3,14.1,296082
NJ02,2018,713380,48.9,51.1,5.4,6.2,5.9,6.3,6.1,11.7,11.8,13.6,7.3,7.5,10.6,5.5,2.2,42.2,78.7,74.8,22.5,18.3,48.5,51.5,44.1,55.9,64.9,12.2,0.3,4.0,0.0,0.1,16.5,386133
NJ03,2018,746035,48.8,51.2,4.9,5.5,6.2,6.0,6.1,11.5,11.5,14.4,7.7,7.0,10.7,6.1,2.4,43.5,79.5,76.2,23.3,19.2,48.3,51.7,43.4,56.6,74.6,10.9,0.0,3.5,0.0,0.2,8.4,321620
NJ04,2018,756825,48.1,51.9,6.9,6.6,6.4,6.2,6.0,11.5,10.7,13.8,7.5,6.6,9.5,5.7,2.8,40.7,76.2,73.0,21.7,17.9,47.5,52.5,42.4,57.6,76.4,6.4,0.0,4.7,0.0,0.1,10.8,299044
NJ05,2018,746385,48.3,51.7,5.2,5.9,7.0,6.8,5.8,9.8,12.7,15.7,7.3,7.1,9.2,5.0,2.6,42.6,77.7,74.1,20.9,16.7,47.8,52.2,43.4,56.6,66.9,4.6,0.1,11.7,0.0,0.2,15.2,280817
NJ06,2018,742483,49.1,50.9,5.7,6.1,6.0,6.7,7.4,14.0,13.3,13.3,7.3,6.4,8.5,3.6,1.8,37.7,78.5,73.8,17.5,13.9,48.9,51.1,44.0,56.0,46.1,9.2,0.2,20.0,0.0,0.4,22.5,274334
NJ07,2018,754222,49.2,50.8,5.0,5.5,7.5,6.8,5.6,9.8,12.3,16.0,8.4,6.9,9.1,4.7,2.3,43.1,77.5,74.1,19.8,16.1,48.0,52.0,42.7,57.3,70.5,4.7,0.0,10.7,0.0,0.4,12.0,284775
NJ08,2018,777484,49.9,50.1,7.0,5.9,5.6,5.2,6.5,19.8,16.1,12.5,5.4,5.4,6.1,3.2,1.2,35.0,78.5,75.1,13.4,10.5,49.4,50.6,44.0,56.0,25.8,7.8,0.1,9.0,0.0,1.2,54.5,307029
NJ09,2018,769504,48.9,51.1,6.4,5.7,6.1,6.2,6.6,14.7,13.2,13.6,7.1,5.7,8.3,4.4,2.0,37.8,78.1,74.5,17.9,14.7,48.2,51.8,43.0,57.0,38.1,9.2,0.1,13.1,0.1,0.3,37.9,284452
NJ10,2018,781893,47.8,52.2,6.5,6.3,6.6,6.7,6.9,15.7,13.7,13.4,6.2,5.4,7.3,3.8,1.4,35.9,76.6,72.3,15.7,12.6,47.4,52.6,39.4,60.6,18.1,50.5,0.1,7.6,0.0,1.2,21.1,308394
NJ11,2018,729569,48.9,51.1,5.1,5.6,6.0,6.4,6.0,10.4,12.7,15.5,7.9,6.6,9.8,5.2,2.9,43.3,79.4,75.7,21.5,17.9,48.1,51.9,43.3,56.7,72.6,3.3,0.1,10.7,0.0,0.2,11.4,281738
NJ12,2018,758189,49.5,50.5,5.5,5.8,6.7,7.0,6.2,12.3,13.6,14.8,6.3,6.0,9.0,4.6,2.3,39.5,78.1,73.7,19.1,15.8,48.6,51.4,42.7,57.3,46.3,16.6,0.1,16.7,0.0,0.2,18.5,291473
NM01,2018,696688,48.8,51.2,5.6,5.5,6.7,6.3,6.4,14.2,12.9,12.4,7.1,6.7,10.0,4.7,1.6,38.6,78.4,74.8,19.9,16.2,48.3,51.7,44.2,55.8,39.9,2.4,3.7,2.1,0.0,0.1,49.9,305319
NM02,2018,694692,50.8,49.2,6.5,7.2,7.3,7.7,7.7,12.8,11.2,10.5,6.3,6.2,9.5,5.1,2.0,35.6,74.9,69.8,20.4,16.6,50.3,49.7,46.8,53.2,36.1,1.8,4.6,0.6,0.0,0.1,55.3,314781
NM03,2018,696690,49.0,51.0,6.1,6.7,6.7,7.0,6.6,12.3,11.9,11.6,6.9,6.7,11.0,4.7,1.9,38.4,76.3,72.1,21.5,17.5,48.8,51.2,45.2,54.8,36.2,1.3,18.0,1.3,0.1,0.2,41.1,317876
NY01,2018,718652,49.9,50.1,4.9,5.3,5.8,7.0,6.9,11.1,11.3,15.6,7.7,6.7,10.1,5.3,2.4,42.7,79.9,75.6,21.5,17.7,49.4,50.6,43.7,56.3,74.8,4.7,0.2,3.8,0.0,0.5,14.8,310760
NY02,2018,721373,48.3,51.7,5.6,5.8,6.8,6.4,6.7,13.6,12.7,14.6,7.0,6.3,8.4,4.1,2.0,39.2,77.8,74.2,17.9,14.5,48.1,51.9,42.6,57.4,59.8,9.5,0.1,3.5,0.0,0.6,25.0,238090
NY03,2018,725627,48.8,51.2,5.2,6.3,6.2,5.9,5.0,9.3,11.5,14.6,8.0,7.5,10.8,5.6,4.0,45.4,78.2,75.5,24.3,20.4,47.3,52.7,44.3,55.7,66.7,3.8,0.1,16.4,0.1,0.5,10.6,271032
NY04,2018,728807,48.4,51.6,5.7,5.7,5.9,6.6,7.1,12.3,12.0,14.0,7.0,7.2,9.0,5.0,2.5,40.6,78.8,74.6,20.2,16.5,48.0,52.0,42.6,57.4,55.6,14.0,0.2,7.0,0.0,0.5,21.3,249426
NY05,2018,798555,47.4,52.6,6.7,6.0,5.8,6.2,6.9,14.9,12.2,14.0,7.3,6.2,8.4,3.8,1.7,37.5,77.8,73.7,17.3,13.8,46.7,53.3,41.3,58.7,10.5,46.6,0.3,15.1,0.0,4.9,19.5,245249
NY06,2018,761797,48.2,51.8,6.2,5.1,4.7,4.6,5.4,16.2,12.4,14.1,7.2,6.6,9.3,5.6,2.6,40.9,81.1,78.3,21.1,17.5,47.4,52.6,42.6,57.4,33.1,3.3,0.3,40.5,0.0,0.6,20.4,297028
NY07,2018,755717,49.3,50.7,7.2,6.1,6.0,5.1,7.0,21.2,14.8,11.9,4.9,4.6,6.2,3.6,1.4,33.5,77.4,74.5,13.6,11.2,48.5,51.5,40.1,59.9,29.6,8.0,0.2,19.3,0.0,0.5,40.5,275116
NY08,2018,793532,46.1,53.9,7.3,5.6,5.8,5.5,6.7,17.2,13.6,12.3,6.1,5.8,8.0,4.4,1.6,36.1,78.0,74.6,17.4,14.0,44.3,55.7,39.6,60.4,24.2,49.4,0.1,5.1,0.0,0.5,19.1,319825
NY09,2018,750170,45.8,54.2,6.8,5.5,6.1,5.4,6.3,17.5,13.7,12.2,5.8,6.0,8.6,4.7,1.6,36.8,78.2,75.2,18.2,14.9,44.8,55.2,40.6,59.4,33.6,45.2,0.1,8.0,0.0,0.5,10.3,311525
NY10,2018,733275,48.2,51.8,6.7,4.9,5.2,4.8,6.1,19.3,14.1,11.2,6.1,5.7,9.3,4.3,2.3,37.0,80.5,77.2,19.4,16.0,47.8,52.2,42.9,57.1,61.8,4.0,0.1,18.7,0.0,0.4,12.8,354737
NY11,2018,755204,48.2,51.8,6.1,5.9,6.4,5.8,6.1,13.6,12.7,13.9,6.5,7.1,9.2,4.6,2.2,40.0,77.7,74.7,20.1,15.9,47.3,52.7,42.4,57.6,58.5,7.4,0.1,15.2,0.0,0.2,16.7,287104
NY12,2018,714279,48.5,51.5,4.3,3.1,2.8,3.8,7.2,27.4,15.3,11.4,5.3,4.4,8.3,4.7,2.0,35.7,88.2,85.1,17.3,15.0,48.1,51.9,42.1,57.9,63.8,4.5,0.1,14.1,0.0,0.5,14.7,435137
NY13,2018,802800,46.9,53.1,6.3,5.8,5.5,5.0,7.1,20.6,13.7,12.7,5.6,5.2,6.9,3.7,2.1,34.9,79.4,76.5,15.4,12.7,46.3,53.7,39.6,60.4,14.3,23.3,0.3,5.1,0.0,0.4,54.8,323596
NY14,2018,691813,50.1,49.9,5.6,5.1,5.5,4.7,5.9,16.7,16.0,14.3,6.1,5.6,7.9,4.5,2.0,38.8,80.7,77.9,17.9,14.4,49.7,50.3,41.3,58.7,23.7,9.2,0.0,17.5,0.0,0.6,47.7,258689
NY15,2018,781143,47.6,52.4,7.9,7.5,7.2,7.5,8.6,16.4,13.0,12.5,5.2,4.5,5.7,2.9,1.2,31.4,72.8,67.9,12.3,9.8,46.4,53.6,36.9,63.1,2.5,27.8,0.2,1.7,0.0,0.6,66.6,271697
NY16,2018,742552,46.7,53.3,5.1,5.7,6.7,6.2,6.8,12.5,13.1,14.1,6.4,6.2,9.5,4.7,2.9,40.5,78.6,74.8,20.9,17.2,45.5,54.5,42.0,58.0,35.8,31.2,0.1,5.2,0.1,0.7,25.2,286622
NY17,2018,746412,49.2,50.8,6.7,6.6,7.0,7.3,6.6,11.3,12.0,13.6,6.9,6.3,8.4,4.8,2.5,38.8,75.3,71.1,19.5,15.8,48.3,51.7,41.6,58.4,59.0,9.7,0.1,5.9,0.0,0.3,23.0,263610
NY18,2018,730114,49.9,50.1,5.5,5.7,7.1,7.4,7.1,11.6,11.8,14.7,7.3,6.5,8.8,4.3,2.1,39.5,77.4,72.7,18.9,15.2,49.4,50.6,44.5,55.5,67.9,8.5,0.2,3.2,0.0,0.7,17.2,279743
NY19,2018,700975,50.1,49.9,4.6,5.0,5.4,7.0,6.3,10.9,10.9,14.3,8.0,7.9,11.7,5.7,2.3,44.9,81.3,76.8,24.1,19.7,49.7,50.3,46.2,53.8,83.8,4.3,0.1,1.8,0.0,0.1,7.7,367150
NY20,2018,732130,48.7,51.3,4.9,5.5,5.6,7.5,8.4,12.7,12.0,13.4,6.5,6.7,9.6,4.8,2.3,39.3,80.4,74.5,20.7,16.8,48.1,51.9,42.9,57.1,75.7,9.1,0.1,5.3,0.0,0.4,6.5,334054
NY21,2018,705669,51.3,48.7,5.5,5.9,5.6,6.7,7.0,12.8,11.5,13.5,7.5,6.9,10.2,5.1,1.9,40.6,79.5,74.9,21.2,17.2,51.5,48.5,46.3,53.7,89.9,3.2,0.7,0.9,0.1,0.1,3.5,379942
NY22,2018,696819,49.7,50.3,5.3,5.6,5.7,7.2,7.7,11.6,10.3,13.5,8.0,6.6,10.2,5.5,2.7,41.1,79.8,74.2,22.2,18.5,49.4,50.6,44.9,55.1,87.3,4.0,0.2,3.0,0.0,0.0,3.9,325695
NY23,2018,702026,49.8,50.2,5.1,5.1,6.0,7.8,8.1,11.7,10.9,12.6,7.4,7.2,10.5,5.1,2.6,40.5,80.1,74.0,22.1,18.2,49.6,50.4,45.5,54.5,87.8,2.7,0.4,2.7,0.0,0.1,4.1,344474
NY24,2018,707889,48.8,51.2,5.4,6.1,5.9,7.3,6.9,12.7,11.1,13.5,7.5,6.9,9.6,4.8,2.4,40.0,78.7,73.6,20.5,16.7,48.2,51.8,44.0,56.0,81.3,8.2,0.2,3.0,0.0,0.1,4.5,319387
NY25,2018,719033,48.1,51.9,5.4,5.7,5.9,6.9,6.9,14.0,11.5,13.1,7.0,6.8,9.6,5.0,2.3,38.9,79.3,74.8,20.5,16.9,47.5,52.5,42.9,57.1,69.4,14.8,0.1,4.0,0.0,0.2,9.1,318019
NY26,2018,714521,48.2,51.8,5.7,5.7,5.4,6.7,7.0,16.0,10.9,12.2,7.4,6.5,9.3,4.6,2.7,38.2,79.7,74.8,20.2,16.5,47.4,52.6,42.0,58.0,68.4,17.6,0.4,4.5,0.0,0.1,6.5,345481
NY27,2018,718515,49.6,50.4,5.1,5.4,6.0,6.4,5.9,11.1,11.0,14.7,8.2,7.4,10.7,5.7,2.5,44.2,79.5,76.0,22.9,18.8,49.1,50.9,44.8,55.2,91.7,2.6,0.7,0.7,0.0,0.1,2.8,314433
NC01,2018,759049,47.5,52.5,5.8,6.0,5.8,6.8,7.8,14.0,11.5,12.9,6.7,6.4,9.8,4.5,2.0,38.0,78.9,73.8,20.0,16.3,46.7,53.3,42.2,57.8,43.2,43.3,0.7,2.2,0.0,0.5,8.1,348032
NC02,2018,835806,48.4,51.6,6.5,6.8,7.9,6.8,5.1,12.1,13.7,14.5,6.4,6.3,9.0,3.6,1.3,38.7,74.4,70.9,17.6,14.0,48.0,52.0,44.3,55.7,65.9,19.3,0.5,1.6,0.1,0.7,9.6,326486
NC03,2018,755647,51.2,48.8,6.4,5.8,6.3,6.7,9.2,13.2,11.5,11.6,6.2,6.4,10.0,4.9,1.8,37.0,77.9,72.8,20.6,16.7,50.6,49.4,44.9,55.1,66.6,20.4,0.2,1.6,0.0,0.1,8.2,384575
NC04,2018,856104,48.9,51.1,5.8,6.1,6.2,7.2,8.2,16.7,14.5,13.6,5.6,5.3,6.6,3.1,1.1,34.9,78.3,73.1,13.6,10.8,47.9,52.1,42.3,57.7,55.3,21.9,0.2,9.2,0.0,0.4,10.8,359141
NC05,2018,758376,48.2,51.8,5.3,6.1,5.9,7.0,7.0,11.6,12.2,13.4,7.5,6.2,10.3,5.3,2.0,40.8,78.8,74.0,21.6,17.7,47.5,52.5,43.3,56.7,72.2,14.2,0.3,1.8,0.1,0.1,9.8,365931
NC06,2018,768546,48.4,51.6,5.9,6.1,6.6,6.7,5.7,11.5,12.2,14.1,7.4,6.5,10.3,5.1,1.9,41.1,77.3,73.5,21.2,17.3,47.8,52.2,43.6,56.4,65.0,20.1,0.4,2.1,0.0,0.2,10.7,337512
NC07,2018,800096,48.3,51.7,5.3,5.8,6.3,6.3,6.6,11.7,12.0,13.3,7.1,6.7,11.9,5.2,1.9,41.7,78.8,74.7,22.8,18.9,47.6,52.4,44.4,55.6,67.7,18.5,0.7,0.8,0.1,0.1,9.8,395372
NC08,2018,789484,49.6,50.4,6.4,6.5,6.7,7.2,7.3,14.1,12.3,13.0,6.2,5.6,8.8,4.3,1.6,36.2,76.0,71.6,17.9,14.7,49.0,51.0,43.7,56.3,59.4,23.1,1.0,2.5,0.2,0.2,10.5,344073
NC09,2018,788020,48.9,51.1,6.1,6.5,7.4,7.3,5.8,11.8,13.2,14.2,7.2,5.8,9.1,4.2,1.4,39.1,75.3,71.3,18.2,14.7,48.2,51.8,43.6,56.4,60.5,18.0,7.5,3.0,0.1,0.1,8.6,311920
NC10,2018,760410,48.0,52.0,5.3,5.3,6.4,6.7,6.2,12.0,12.0,14.3,7.0,6.6,10.9,4.9,2.4,41.9,78.8,75.1,22.2,18.2,47.5,52.5,43.3,56.7,76.9,11.9,0.2,1.8,0.1,0.2,6.6,345300
NC11,2018,759358,49.2,50.8,4.6,5.3,5.7,6.1,5.1,10.7,11.7,13.6,7.1,7.6,13.2,6.4,2.7,45.5,80.9,77.2,26.4,22.3,48.2,51.8,45.2,54.8,86.4,3.4,1.6,1.1,0.1,0.1,5.9,402673
NC12,2018,860866,48.0,52.0,6.8,7.1,6.3,6.3,6.9,18.1,15.2,13.4,5.8,4.3,6.2,2.5,1.0,34.1,76.0,72.4,12.0,9.7,47.1,52.9,40.6,59.4,39.1,37.3,0.2,5.5,0.0,0.3,14.7,359236
NC13,2018,781657,47.9,52.1,5.5,6.0,6.6,6.9,6.5,12.9,12.4,13.9,6.7,6.2,9.7,5.0,1.7,39.5,78.0,73.6,20.1,16.5,47.0,53.0,43.9,56.1,64.8,22.0,0.5,3.0,0.0,0.1,7.5,342405
ND01,2018,755393,51.4,48.6,7.0,6.5,6.1,6.2,8.4,15.1,11.8,10.9,6.4,6.4,8.1,4.6,2.2,35.4,77.1,72.3,18.7,14.9,51.4,48.6,45.4,54.6,84.4,3.0,5.4,1.7,0.1,0.3,3.5,374591
OH01,2018,740851,48.5,51.5,6.6,6.9,6.9,7.2,6.6,13.6,12.0,13.0,7.1,6.1,8.1,4.1,1.8,36.8,75.6,71.0,17.5,14.1,48.0,52.0,41.9,58.1,68.9,21.3,0.1,3.7,0.1,0.1,3.3,327196
OH02,2018,728153,48.8,51.2,6.1,6.2,6.2,5.8,5.5,13.7,12.3,13.3,7.0,7.2,9.8,4.9,2.1,40.1,77.7,74.9,20.9,16.7,48.0,52.0,44.6,55.4,84.8,8.8,0.2,1.5,0.0,0.2,2.0,325777
OH03,2018,782878,48.3,51.7,7.4,7.3,5.7,7.2,8.0,18.2,13.0,11.6,6.0,5.1,6.5,3.0,1.3,32.6,76.0,70.9,13.7,10.7,47.6,52.4,41.1,58.9,50.0,34.1,0.1,4.6,0.0,0.3,7.0,339631
OH04,2018,710603,49.6,50.4,5.6,5.8,6.7,6.9,6.0,11.9,11.9,13.4,7.3,6.9,10.1,5.2,2.3,40.8,77.6,73.6,21.4,17.5,49.1,50.9,44.3,55.7,87.4,5.0,0.2,0.8,0.1,0.1,3.8,312495
OH05,2018,717547,49.6,50.4,5.8,6.0,6.7,7.1,6.9,12.1,11.5,12.5,7.3,7.1,9.8,4.9,2.3,39.5,77.4,72.8,21.3,17.0,48.7,51.3,45.0,55.0,88.3,2.7,0.2,1.2,0.1,0.3,5.4,312862
OH06,2018,696153,50.2,49.8,5.2,5.2,6.5,6.0,5.5,11.5,11.6,13.4,7.8,7.5,11.3,6.0,2.5,43.5,79.3,75.8,24.0,19.7,49.7,50.3,45.7,54.3,94.3,2.4,0.2,0.3,0.0,0.1,1.0,323767
OH07,2018,725665,48.9,51.1,6.0,5.9,6.9,6.7,6.0,11.3,11.4,13.3,7.0,7.1,10.6,5.7,2.1,41.2,76.9,73.3,22.5,18.4,48.5,51.5,44.3,55.7,91.1,3.8,0.1,0.7,0.0,0.2,1.9,307120
OH08,2018,730445,48.9,51.1,6.2,6.2,6.9,7.5,7.1,11.8,11.6,13.0,6.9,6.6,9.4,5.1,1.9,38.7,76.6,71.9,20.5,16.4,48.4,51.6,43.8,56.2,85.6,5.9,0.2,2.1,0.0,0.1,3.5,304947
OH09,2018,720715,48.9,51.1,6.1,6.2,6.0,6.8,6.5,14.2,12.0,12.9,7.2,6.5,9.2,4.5,2.2,38.0,77.9,73.7,19.4,15.8,47.9,52.1,42.5,57.5,67.1,15.7,0.2,1.7,0.0,0.2,11.4,354568
OH10,2018,721456,48.5,51.5,6.0,5.6,6.4,6.8,7.0,13.4,11.3,12.6,7.0,6.6,9.8,5.3,2.2,39.0,78.1,73.6,21.0,17.4,47.6,52.4,42.8,57.2,74.3,16.5,0.2,2.4,0.0,0.3,2.9,335780
OH11,2018,675475,46.6,53.4,5.8,5.9,5.9,6.2,7.2,14.3,10.9,12.3,7.7,7.1,9.2,5.0,2.5,39.0,78.8,74.7,20.8,16.8,45.7,54.3,40.3,59.7,37.1,53.0,0.1,2.6,0.0,0.4,4.6,363313
OH12,2018,780529,49.6,50.4,6.2,6.3,7.2,6.3,6.0,13.2,13.5,13.9,6.5,6.2,9.0,4.1,1.6,38.3,76.2,72.6,18.3,14.8,49.1,50.9,45.1,54.9,85.1,4.8,0.1,4.8,0.0,0.2,2.2,318136
OH13,2018,715559,48.5,51.5,5.1,5.6,5.6,6.7,7.8,13.0,10.8,12.9,7.1,7.2,10.2,5.7,2.3,40.6,80.2,75.2,22.4,18.2,47.9,52.1,43.1,56.9,80.1,11.5,0.2,1.6,0.0,0.1,3.2,340001
OH14,2018,724790,49.0,51.0,5.5,5.6,6.6,6.4,5.1,10.9,11.4,14.2,7.7,7.3,11.3,5.4,2.7,43.7,78.1,75.0,23.4,19.4,48.3,51.7,43.9,56.1,88.2,5.1,0.1,2.3,0.0,0.1,2.9,313205
OH15,2018,772776,50.2,49.8,6.1,6.0,5.9,6.8,6.8,14.6,12.8,13.2,6.9,6.3,8.5,4.5,1.6,37.7,78.1,73.9,18.0,14.6,50.2,49.8,44.6,55.4,89.2,3.9,0.1,2.1,0.0,0.2,2.4,318593
OH16,2018,715014,49.0,51.0,5.5,5.7,6.1,6.1,5.9,11.4,11.3,13.3,7.3,7.7,11.3,5.6,2.8,43.3,78.7,75.5,24.4,19.8,48.5,51.5,44.7,55.3,91.2,1.8,0.1,2.2,0.0,0.1,2.4,304310
OK01,2018,803883,48.7,51.3,7.0,7.0,7.0,6.6,6.1,14.6,12.6,12.2,6.3,5.9,8.5,4.3,1.8,36.2,74.8,71.2,18.1,14.6,48.1,51.9,43.5,56.5,63.9,8.6,6.2,2.9,0.1,0.3,11.4,349351
OK02,2018,744806,49.8,50.2,6.1,6.3,6.9,6.9,6.2,11.6,11.6,12.3,6.9,6.7,10.9,5.8,1.9,40.3,76.6,72.3,22.5,18.5,49.0,51.0,45.5,54.5,63.9,3.2,16.7,0.8,0.3,0.1,5.3,356906
OK03,2018,774066,50.7,49.3,6.7,6.7,6.8,7.2,7.6,12.8,11.9,11.8,6.7,6.1,9.1,5.0,1.6,36.6,75.6,70.9,19.2,15.6,50.3,49.7,44.9,55.1,73.9,3.5,5.8,1.2,0.3,0.0,10.1,338614
OK04,2018,789947,49.7,50.3,6.1,6.4,7.0,7.7,7.7,13.8,12.9,11.8,6.3,5.8,8.3,4.4,1.7,35.8,76.4,71.1,17.8,14.4,49.2,50.8,44.4,55.6,69.9,6.6,5.0,2.3,0.1,0.2,8.8,336047
OK05,2018,818162,49.1,50.9,7.3,7.2,7.1,6.5,6.6,15.5,12.9,11.4,6.2,5.7,8.1,3.8,1.7,34.8,74.4,70.3,16.9,13.6,48.2,51.8,43.7,56.3,56.6,13.5,3.7,3.3,0.0,0.1,17.0,353156
OR01,2018,844175,49.7,50.3,5.9,5.8,6.9,6.2,5.8,14.9,14.4,13.3,6.4,6.1,8.9,4.1,1.4,37.8,77.6,74.0,18.0,14.4,49.1,50.9,45.0,55.0,70.4,1.7,0.4,8.0,0.3,0.1,15.1,344672
OR02,2018,821129,50.1,49.9,5.7,6.2,6.2,6.0,5.5,12.0,11.7,12.3,7.0,7.2,12.5,5.8,2.1,42.3,78.3,74.9,24.7,20.3,49.5,50.5,47.2,52.8,79.3,0.6,1.9,1.1,0.1,0.1,14.0,372943
OR03,2018,842158,49.4,50.6,5.6,5.5,5.2,5.3,6.3,17.7,16.4,12.9,5.8,5.9,8.2,3.5,1.5,37.5,80.6,76.9,16.9,13.2,49.1,50.9,45.3,54.7,70.5,5.0,0.8,7.2,0.7,0.3,11.3,352862
OR04,2018,803611,49.3,50.7,4.9,5.3,5.3,6.6,8.3,12.4,11.3,11.3,6.7,7.5,12.0,5.8,2.5,41.1,81.0,76.0,24.7,20.3,49.2,50.8,47.1,52.9,83.6,0.7,0.7,2.5,0.2,0.2,8.0,355470
OR05,2018,831703,49.5,50.5,5.9,6.4,6.7,6.4,6.0,12.8,12.3,12.6,6.4,6.9,10.7,4.8,2.1,39.3,77.0,73.4,21.4,17.5,48.6,51.4,44.6,55.4,74.7,0.9,0.8,2.8,0.6,0.1,16.7,342635
PA01,2018,728366,48.8,51.2,7.0,6.2,6.1,6.0,7.0,19.1,13.1,11.9,5.9,5.6,7.2,3.3,1.5,34.1,77.2,73.2,15.4,12.1,48.0,52.0,41.8,58.2,37.0,35.6,0.1,7.3,0.0,0.2,17.8,303600
PA02,2018,726135,45.7,54.3,6.0,5.2,5.6,7.0,8.6,18.1,11.5,11.5,6.0,5.9,8.4,4.4,1.9,34.7,80.0,74.4,18.3,14.6,44.3,55.7,37.8,62.2,30.6,55.8,0.1,5.0,0.1,0.2,6.2,345657
PA03,2018,691184,49.5,50.5,5.2,5.3,6.0,6.7,6.4,11.5,11.1,13.5,7.6,7.5,10.9,5.5,2.9,43.0,79.7,75.3,23.7,19.2,49.1,50.9,44.5,55.5,90.0,4.3,0.1,1.1,0.0,0.3,2.3,322654
PA04,2018,729945,49.2,50.8,5.8,6.2,6.3,6.3,6.0,12.5,12.1,13.7,7.2,6.7,9.9,5.1,2.2,40.5,77.9,74.1,21.0,17.2,48.8,51.2,44.8,55.2,80.2,6.9,0.1,2.5,0.0,0.1,8.1,307291
PA05,2018,696063,51.2,48.8,4.9,5.2,5.2,7.4,8.7,11.7,10.8,13.0,7.2,7.3,10.3,5.7,2.6,41.5,81.3,75.3,22.6,18.6,51.0,49.0,45.4,54.6,91.9,2.5,0.2,1.9,0.0,0.0,2.1,347419
PA06,2018,728576,49.3,50.7,5.8,5.9,6.2,6.5,6.2,12.3,12.0,14.4,7.6,6.4,9.7,4.6,2.4,40.7,78.3,74.4,20.5,16.8,48.5,51.5,43.1,56.9,81.7,5.3,0.1,5.0,0.0,0.2,6.3,294659
PA07,2018,725762,49.2,50.8,5.5,6.4,6.3,6.8,5.8,11.0,11.5,13.7,7.7,7.1,9.7,5.5,2.9,41.9,77.7,73.8,22.2,18.1,48.3,51.7,45.2,54.8,83.6,5.6,0.1,5.1,0.0,0.1,3.0,278294
PA08,2018,713998,49.3,50.7,4.9,5.3,6.3,6.4,5.6,11.5,11.7,14.8,7.8,7.5,10.2,5.3,2.5,43.7,79.5,76.0,22.4,18.0,48.7,51.3,44.9,55.1,83.6,4.0,0.1,5.5,0.0,0.2,5.2,283194
PA09,2018,687620,49.2,50.8,5.1,5.3,6.0,6.6,6.2,11.3,11.0,13.5,7.7,7.3,11.0,6.1,2.9,43.8,79.8,75.6,24.1,20.0,48.5,51.5,44.5,55.5,92.5,2.8,0.1,0.6,0.0,0.1,2.3,324757
PA10,2018,694398,50.1,49.9,4.9,5.0,6.8,6.9,5.7,10.8,10.6,13.8,7.8,7.3,11.5,5.9,2.9,44.3,79.4,75.1,24.3,20.2,49.5,50.5,46.4,53.6,89.5,3.3,0.2,1.1,0.0,0.1,4.4,349392
PA11,2018,701056,48.9,51.1,5.2,5.3,5.6,6.2,6.5,12.5,11.2,13.9,7.4,7.0,11.1,5.6,2.6,42.9,80.4,76.4,23.5,19.2,48.4,51.6,42.3,57.7,84.1,5.7,0.1,2.2,0.0,0.2,6.2,326305
PA12,2018,689237,49.3,50.7,5.1,5.5,6.1,5.4,4.6,10.8,11.7,13.3,7.8,8.2,11.8,6.5,3.1,45.6,79.8,77.1,26.2,21.4,48.8,51.2,44.5,55.5,91.2,3.5,0.0,1.7,0.0,0.2,1.4,325121
PA13,2018,728475,47.8,52.2,6.1,6.2,6.7,5.5,5.7,15.3,12.6,12.8,6.6,6.6,8.7,4.5,2.6,38.3,77.4,74.7,19.6,15.9,47.3,52.7,40.8,59.2,56.5,16.7,0.3,9.9,0.0,0.6,14.1,286117
PA14,2018,687028,47.9,52.1,4.8,4.2,4.7,6.2,8.0,18.0,10.7,11.2,6.6,7.4,9.9,5.2,2.9,38.4,83.4,78.7,22.1,18.0,47.5,52.5,40.8,59.2,69.6,20.3,0.1,3.8,0.0,0.4,2.5,368336
PA15,2018,734824,48.9,51.1,5.4,5.4,7.2,7.1,6.9,12.4,12.1,13.1,7.0,6.6,9.4,5.0,2.5,40.0,78.0,73.4,20.8,16.9,48.4,51.6,44.4,55.6,74.0,4.5,0.1,2.9,0.0,0.1,16.8,295926
PA16,2018,731802,48.8,51.2,6.8,6.8,6.6,6.9,6.7,13.2,11.5,12.5,7.0,5.7,8.9,4.7,2.6,37.5,75.7,71.6,19.3,16.2,48.4,51.6,44.3,55.7,71.1,5.5,0.1,2.0,0.0,0.0,19.6,284323
PA17,2018,697535,50.0,50.0,5.0,5.3,5.7,6.0,6.5,12.2,11.9,13.8,7.5,7.4,10.4,5.6,2.7,43.1,80.5,76.5,23.1,18.7,49.3,50.7,43.6,56.4,80.3,5.7,0.1,1.8,0.0,0.0,10.3,329995
PA18,2018,713533,48.7,51.3,5.4,4.9,6.0,5.8,5.2,11.8,11.7,14.3,7.7,7.6,11.2,5.7,2.9,44.4,80.1,76.9,24.1,19.7,48.1,51.9,42.7,57.3,91.5,2.4,0.1,2.2,0.0,0.1,1.5,321362
RI01,2018,539250,48.1,51.9,5.1,5.6,5.8,7.0,7.4,14.7,11.4,13.5,7.0,6.3,9.1,4.9,2.1,38.5,80.0,75.0,19.8,16.1,47.9,52.1,43.0,57.0,66.8,6.9,0.3,3.6,0.2,1.0,18.2,234267
RI02,2018,520389,48.7,51.3,5.3,4.8,5.4,7.2,7.4,12.8,11.9,13.4,7.2,7.5,10.0,4.9,2.3,40.5,81.0,75.5,21.4,17.2,47.8,52.2,43.1,56.9,77.6,3.9,0.3,3.6,0.0,0.4,12.5,233999
SC01,2018,782340,48.1,51.9,5.9,6.0,6.1,6.1,5.4,14.3,12.8,12.9,6.5,6.4,11.1,4.7,1.8,39.5,78.3,74.7,21.6,17.6,47.8,52.2,45.9,54.1,70.3,19.1,0.2,1.7,0.0,0.2,6.1,357539
SC02,2018,713488,48.6,51.4,5.8,6.2,7.0,7.1,5.8,13.1,12.6,13.3,6.5,6.8,9.6,4.5,1.7,38.7,77.2,72.6,19.8,15.8,47.8,52.2,44.0,56.0,66.0,23.6,0.3,2.0,0.1,0.3,6.0,305860
SC03,2018,687378,49.3,50.7,5.2,6.5,5.9,7.0,7.0,11.5,11.8,13.2,6.7,6.8,10.8,5.7,1.7,40.6,78.5,73.8,22.2,18.3,48.4,51.6,45.3,54.7,73.5,18.6,0.2,0.8,0.0,0.1,5.3,310867
SC04,2018,731886,48.4,51.6,6.2,6.2,6.6,6.6,6.6,13.7,12.7,13.1,6.4,6.3,9.4,4.5,1.7,38.2,77.1,73.1,19.3,15.6,47.8,52.2,43.6,56.4,68.2,17.6,0.1,2.5,0.6,0.2,8.2,307921
SC05,2018,718465,48.5,51.5,6.0,6.1,7.0,6.7,5.9,12.1,12.7,13.7,6.5,6.6,10.7,4.8,1.4,40.1,77.0,73.0,20.5,16.8,47.8,52.2,44.2,55.8,66.0,26.1,0.3,1.2,0.0,0.2,4.3,309847
SC06,2018,670725,48.5,51.5,5.8,6.0,5.5,7.3,9.9,13.9,11.9,10.9,6.7,6.3,9.8,4.4,1.6,36.0,79.4,73.0,19.4,15.8,48.1,51.9,43.1,56.9,35.4,56.3,0.2,1.2,0.0,0.2,5.4,305321
SC07,2018,720087,48.2,51.8,5.4,5.8,6.0,6.2,5.7,11.6,11.7,12.6,7.1,7.4,13.4,5.5,1.7,42.9,79.1,75.3,24.8,20.6,47.1,52.9,45.0,55.0,64.0,28.5,0.4,1.0,0.1,0.1,4.3,387465
SD01,2018,869666,50.4,49.6,7.0,6.9,6.7,6.6,6.7,13.3,11.5,11.4,6.9,6.6,9.4,4.7,2.2,36.9,75.5,71.5,20.3,16.3,50.2,49.8,46.1,53.9,82.3,1.9,8.6,1.2,0.1,0.1,3.6,392650
TN01,2018,714912,49.0,51.0,4.9,5.1,6.3,6.1,5.9,11.5,11.7,14.0,7.2,7.1,11.8,6.1,2.2,43.7,79.9,76.3,24.6,20.0,48.5,51.5,45.3,54.7,91.2,2.6,0.2,0.8,0.0,0.1,3.7,351615
TN02,2018,747673,48.6,51.4,5.6,5.7,6.0,6.4,7.6,12.9,12.1,13.2,6.7,6.5,10.3,5.2,1.8,39.7,79.2,74.8,21.3,17.4,48.1,51.9,44.3,55.7,85.7,6.2,0.2,1.8,0.0,0.2,4.2,333199
TN03,2018,733082,48.6,51.4,5.4,5.7,6.2,6.1,5.5,12.8,12.3,13.3,7.4,6.8,10.9,5.6,2.0,41.8,79.0,75.5,22.3,18.6,48.2,51.8,44.3,55.7,81.7,10.6,0.2,1.5,0.0,0.2,4.0,332318
TN04,2018,782024,49.2,50.8,6.3,5.8,7.1,7.2,7.3,12.9,13.5,13.1,6.5,6.0,8.7,4.1,1.4,37.5,76.6,72.1,17.5,14.2,48.4,51.6,44.5,55.5,79.5,9.4,0.1,1.8,0.1,0.1,6.7,320128
TN05,2018,774096,48.4,51.6,6.6,5.9,5.6,5.9,7.0,19.1,13.6,12.2,6.2,5.6,7.5,3.4,1.3,34.9,78.7,75.0,15.3,12.2,47.8,52.2,42.1,57.9,60.1,23.9,0.2,3.2,0.1,0.3,9.4,347622
TN06,2018,772984,49.1,50.9,5.8,6.2,6.6,6.6,5.7,12.0,12.1,14.1,6.8,6.7,10.6,5.2,1.7,40.7,77.5,73.6,21.6,17.5,48.7,51.3,44.7,55.3,88.1,4.4,0.4,1.0,0.1,0.0,4.5,327388
TN07,2018,778057,49.5,50.5,6.4,7.1,7.1,7.0,5.8,12.9,12.9,13.6,6.5,6.0,8.8,4.3,1.5,37.6,75.3,71.1,18.3,14.7,49.3,50.7,45.0,55.0,80.3,9.7,0.1,2.0,0.1,0.2,4.9,327518
TN08,2018,716130,48.4,51.6,5.5,6.2,6.9,7.2,6.0,10.9,12.1,14.1,7.0,6.9,10.3,4.9,2.0,40.6,77.0,73.1,21.1,17.1,47.6,52.4,44.4,55.6,72.3,19.7,0.2,2.0,0.1,0.1,3.4,302807
TN09,2018,697026,47.4,52.6,7.5,6.7,6.9,6.7,7.7,16.2,12.4,11.8,5.9,6.1,7.4,3.4,1.2,33.7,74.8,70.7,15.6,12.0,46.3,53.7,39.7,60.3,22.9,66.3,0.1,1.6,0.2,0.1,7.3,316204
TX01,2018,717376,48.9,51.1,6.6,6.7,7.2,7.8,6.4,12.5,11.8,11.8,6.3,6.1,9.6,5.4,1.9,37.2,75.5,70.3,20.7,16.9,48.2,51.8,45.0,55.0,61.5,17.4,0.2,1.3,0.1,0.2,17.9,308558
TX02,2018,772262,50.1,49.9,6.7,6.2,6.5,6.3,6.8,15.6,14.2,13.4,6.2,6.2,7.6,3.3,1.1,36.1,76.5,73.0,15.7,12.0,49.4,50.6,45.4,54.6,45.2,11.7,0.2,7.9,0.1,0.5,32.1,307492
TX03,2018,870763,49.1,50.9,6.1,7.4,7.8,7.2,5.6,12.4,16.1,15.3,6.3,4.9,7.0,3.1,0.9,37.3,74.0,70.5,13.8,10.9,48.5,51.5,43.6,56.4,56.5,9.8,0.3,15.7,0.1,0.2,15.0,330211
TX04,2018,747188,49.1,50.9,6.3,6.9,7.3,6.7,6.1,11.7,12.3,13.2,7.0,6.0,9.7,5.0,1.9,38.5,75.5,71.7,20.0,16.6,48.6,51.4,45.5,54.5,71.3,10.1,0.8,1.1,0.0,0.1,14.4,311327
TX05,2018,769579,50.2,49.8,7.1,7.3,8.2,6.7,6.3,13.2,13.4,13.1,6.0,5.7,7.5,4.1,1.5,36.1,73.2,69.3,16.2,13.1,50.4,49.6,43.9,56.1,52.2,14.1,0.4,2.5,0.0,0.2,29.3,295080
TX06,2018,792043,48.7,51.3,6.8,7.0,7.7,7.6,6.8,13.6,13.6,13.4,6.3,5.2,7.5,3.2,1.2,35.3,73.8,69.5,14.9,11.8,48.0,52.0,44.2,55.8,47.3,21.1,0.3,4.4,0.1,0.4,23.5,291545
TX07,2018,800081,50.1,49.9,7.3,7.3,8.3,5.9,5.8,16.3,15.8,12.3,5.3,5.1,6.5,2.8,1.4,34.5,73.2,70.5,13.7,10.7,49.0,51.0,46.2,53.8,41.8,14.1,0.4,11.1,0.0,0.2,30.4,333055
TX08,2018,863498,50.8,49.2,6.4,7.6,6.9,7.2,6.6,12.2,14.3,13.5,6.4,5.8,8.1,3.6,1.4,37.1,74.8,70.4,16.3,13.1,51.1,48.9,46.0,54.0,63.2,9.0,0.2,3.1,0.0,0.2,22.8,331308
TX09,2018,789535,48.3,51.7,7.7,7.3,7.1,6.4,7.0,18.0,13.6,11.8,5.9,4.8,6.6,2.7,1.1,32.9,73.8,70.1,13.3,10.4,48.0,52.0,43.3,56.7,10.1,36.1,0.1,11.5,0.0,0.1,40.8,294936
TX10,2018,846261,49.7,50.3,7.4,7.2,7.5,6.2,5.7,15.7,14.8,12.3,5.5,6.2,7.2,3.0,1.2,35.2,74.1,70.6,15.1,11.5,48.8,51.2,42.9,57.1,52.0,10.2,0.2,6.3,0.0,0.2,29.1,332201
TX11,2018,759467,49.9,50.1,7.2,7.2,6.8,7.1,7.0,14.5,11.5,10.8,6.4,5.9,8.9,4.8,1.9,35.2,74.6,70.3,18.9,15.6,49.7,50.3,46.3,53.7,55.0,3.6,0.3,0.9,0.1,0.1,39.1,335468
TX12,2018,806551,49.1,50.9,7.1,6.8,7.2,6.6,6.4,15.8,13.3,12.2,6.0,5.9,7.6,3.5,1.6,35.1,75.0,71.2,16.0,12.8,48.2,51.8,44.1,55.9,61.5,8.5,0.4,3.3,0.1,0.2,23.7,319612
TX13,2018,713480,51.2,48.8,6.7,6.9,6.8,7.4,6.8,13.5,12.3,11.8,6.5,6.1,8.5,4.8,1.8,36.2,75.2,70.4,18.6,15.1,50.5,49.5,45.1,54.9,62.9,5.3,0.4,1.7,0.2,0.2,27.2,308756
TX14,2018,765031,50.8,49.2,6.6,7.2,6.6,6.7,6.5,13.5,13.4,12.9,7.0,6.1,8.1,4.1,1.4,36.9,75.5,71.6,17.1,13.5,50.8,49.2,45.2,54.8,49.3,19.4,0.2,3.3,0.1,0.1,26.0,322121
TX15,2018,790730,50.0,50.0,8.4,8.8,8.8,7.9,7.5,13.6,13.4,11.6,4.7,4.2,6.2,3.8,1.0,31.2,68.9,64.5,13.5,11.0,49.3,50.7,45.3,54.7,14.4,1.7,0.1,1.0,0.0,0.0,82.3,264264
TX16,2018,742384,49.1,50.9,7.4,7.0,8.3,7.5,8.1,14.7,12.7,11.6,5.8,4.7,6.9,3.7,1.7,32.8,72.7,68.6,14.9,12.3,48.7,51.3,42.1,57.9,13.1,3.3,0.3,1.3,0.1,0.1,81.0,267080
TX17,2018,771567,49.6,50.4,6.8,6.1,6.0,8.1,10.6,14.9,12.6,11.4,5.5,5.6,7.3,3.5,1.6,33.2,77.3,70.3,15.7,12.4,49.1,50.9,44.3,55.7,54.1,12.6,0.2,4.8,0.0,0.3,26.2,327426
TX18,2018,800402,50.1,49.9,7.7,7.7,7.1,6.9,7.6,17.6,13.8,11.8,5.2,5.2,6.0,2.6,0.8,32.4,73.6,69.2,12.6,9.5,49.8,50.2,43.2,56.8,16.1,34.1,0.1,4.2,0.1,0.2,44.1,311055
TX19,2018,734202,50.7,49.3,6.8,6.3,7.7,7.8,9.7,14.3,12.1,10.9,5.7,5.2,7.5,4.5,1.5,33.1,74.9,69.1,16.4,13.5,50.4,49.6,43.2,56.8,53.8,6.0,0.4,1.5,0.1,0.1,36.9,304337
TX20,2018,806372,49.2,50.8,7.3,6.5,6.8,7.4,9.3,17.2,13.3,11.6,5.7,4.5,6.1,3.0,1.4,32.0,75.5,69.7,13.1,10.5,49.2,50.8,40.9,59.1,20.9,4.7,0.2,2.6,0.2,0.2,69.7,278511
TX21,2018,809322,49.2,50.8,5.7,5.5,5.6,6.2,7.7,15.4,12.5,12.1,6.4,6.5,10.0,4.4,2.1,37.8,80.0,75.6,20.4,16.4,48.8,51.2,45.3,54.7,60.5,3.3,0.1,3.6,0.0,0.1,30.3,358577
TX22,2018,897080,49.3,50.7,7.5,7.5,8.0,7.3,5.9,12.5,15.3,14.0,5.6,6.0,6.8,2.7,1.1,36.0,72.4,68.3,13.7,10.5,48.7,51.3,45.1,54.9,40.2,13.0,0.1,19.2,0.0,0.2,25.5,309113
TX23,2018,769276,50.9,49.1,7.6,8.2,7.8,8.0,6.6,14.0,12.7,12.6,5.0,5.1,7.4,3.6,1.3,33.3,71.5,66.9,15.4,12.4,50.4,49.6,47.7,52.3,23.2,3.3,0.6,1.3,0.0,0.1,70.3,266445
TX24,2018,800103,49.3,50.7,7.0,6.5,6.8,6.0,5.6,16.8,15.4,14.0,6.6,5.4,6.3,2.7,1.0,35.8,75.6,72.7,12.8,10.0,48.8,51.2,43.0,57.0,45.6,12.3,0.4,14.1,0.3,0.4,24.5,327143
TX25,2018,789825,49.5,50.5,6.5,6.6,7.3,7.3,6.6,13.5,13.4,13.3,6.5,5.2,8.3,4.0,1.4,36.4,75.3,70.7,16.6,13.8,49.2,50.8,46.3,53.7,68.6,6.4,0.3,3.2,0.3,0.1,18.3,315247
TX26,2018,879237,49.3,50.7,6.3,7.5,7.7,7.5,6.1,14.2,15.0,14.8,5.8,5.0,6.5,2.8,0.9,35.5,73.9,69.6,13.2,10.2,48.6,51.4,45.8,54.2,63.7,7.6,0.3,7.7,0.1,0.1,17.8,310402
TX27,2018,740277,49.3,50.7,6.8,7.1,6.7,7.1,6.4,13.1,12.3,11.9,6.5,6.2,9.2,4.9,1.8,37.1,75.0,70.8,19.7,15.9,48.9,51.1,44.7,55.3,39.0,5.1,0.2,1.6,0.1,0.1,53.0,320099
TX28,2018,753502,48.8,51.2,8.8,8.4,8.4,8.2,7.5,12.9,12.9,10.9,5.0,5.3,7.1,3.5,1.2,31.7,69.3,64.3,14.8,11.8,47.8,52.2,43.2,56.8,15.7,4.3,0.1,1.5,0.0,0.0,77.3,246571
TX29,2018,761833,50.8,49.2,8.9,8.1,8.8,8.5,7.3,14.9,13.5,12.7,5.5,4.0,4.7,2.3,0.8,30.5,69.0,63.8,10.1,7.8,50.3,49.7,44.1,55.9,9.1,11.4,0.1,1.4,0.0,0.2,77.5,248694
TX30,2018,774443,48.2,51.8,7.3,7.5,8.2,7.1,7.6,15.6,13.5,12.0,5.9,5.1,6.4,2.9,0.8,32.8,72.5,68.3,13.0,10.1,46.6,53.4,42.5,57.5,14.9,42.5,0.1,2.4,0.0,0.3,38.2,293916
TX31,2018,853799,49.4,50.6,7.1,7.0,7.9,7.0,6.7,14.8,14.8,12.7,5.4,4.9,7.3,3.2,1.3,34.8,73.8,69.7,14.8,11.8,48.8,51.2,44.4,55.6,55.5,10.8,0.2,5.1,0.2,0.1,24.7,316673
TX32,2018,763452,49.4,50.6,7.0,5.5,6.4,6.3,6.5,16.6,13.3,13.3,6.9,5.3,8.0,3.3,1.7,36.4,77.2,73.7,16.0,13.0,48.8,51.2,43.4,56.6,48.6,14.7,0.2,8.3,0.0,0.5,25.5,319208
TX33,2018,753565,50.6,49.4,8.8,8.3,8.5,8.0,8.2,15.3,13.2,12.0,4.9,4.2,5.4,2.4,0.7,30.0,69.5,64.7,11.0,8.6,50.8,49.2,44.2,55.8,12.8,14.8,0.2,2.1,0.0,0.0,69.3,250352
TX34,2018,727595,49.9,50.1,8.2,7.6,8.9,8.4,7.8,12.3,12.8,11.0,4.8,5.1,7.4,4.3,1.3,32.0,70.2,64.9,15.9,13.1,49.2,50.8,44.3,55.7,13.0,1.0,0.1,0.6,0.0,0.0,85.0,261398
TX35,2018,830041,50.5,49.5,7.0,7.0,7.4,7.4,8.0,17.4,14.5,11.6,5.6,4.2,6.2,2.7,0.9,32.5,74.2,69.4,12.2,9.8,50.2,49.8,45.7,54.3,26.2,9.7,0.1,1.8,0.0,0.3,60.1,307335
TX36,2018,742474,49.8,50.2,6.5,6.6,6.8,6.9,5.9,13.8,12.6,13.5,7.0,6.1,9.1,4.0,1.3,37.8,75.9,72.0,18.0,14.3,49.5,50.5,46.3,53.7,62.1,9.3,0.7,1.9,0.0,0.1,24.8,307859
UT01,2018,763612,50.5,49.5,8.1,8.4,9.2,8.1,8.2,13.5,13.7,10.1,5.2,5.0,6.5,3.1,1.0,31.0,69.4,64.5,13.5,10.5,49.7,50.3,46.7,53.3,81.5,1.0,0.9,1.5,0.3,0.1,12.6,279567
UT02,2018,765809,50.4,49.6,7.7,8.1,7.4,7.5,7.3,15.5,13.3,10.4,5.1,4.7,7.7,3.7,1.5,32.7,72.3,68.0,15.6,13.0,50.1,49.9,46.6,53.4,76.3,1.1,0.9,2.5,1.2,0.2,15.7,294071
UT03,2018,767012,50.1,49.9,7.7,8.4,8.5,8.9,11.2,13.3,12.2,10.1,4.7,4.6,6.2,3.0,1.2,28.4,70.2,64.5,12.9,10.3,49.6,50.4,46.6,53.4,83.0,0.4,1.3,2.0,0.6,0.1,10.8,251297
UT04,2018,805400,50.6,49.4,9.1,8.5,8.6,7.0,6.5,16.0,15.4,10.3,4.4,4.7,5.7,2.6,1.2,31.5,68.9,65.6,12.2,9.5,50.2,49.8,45.2,54.8,72.7,2.0,0.8,3.5,1.3,0.4,16.8,259750
VT01,2018,623657,49.4,50.6,4.8,5.1,5.6,6.4,7.6,11.8,11.1,13.3,7.7,7.7,11.4,5.3,2.1,42.6,81.1,76.3,23.1,18.8,48.8,51.2,45.9,54.1,92.8,1.2,0.3,1.8,0.0,0.0,1.9,335248
VA01,2018,805159,49.6,50.4,5.9,6.3,7.4,6.8,6.5,11.6,13.1,14.4,7.1,5.9,9.4,4.0,1.6,39.1,76.2,72.2,18.4,15.0,49.3,50.7,46.3,53.7,66.2,16.2,0.3,3.3,0.0,0.2,10.2,315069
VA02,2018,741514,50.4,49.6,6.1,6.0,5.8,5.9,9.0,15.9,12.1,12.2,6.3,6.4,8.4,4.4,1.6,36.1,78.7,74.6,17.9,14.4,49.9,50.1,43.9,56.1,62.3,19.0,0.2,5.5,0.1,0.3,8.3,312546
VA03,2018,739840,48.0,52.0,6.5,6.1,6.7,6.5,8.2,16.0,12.3,11.9,6.5,5.9,7.9,3.8,1.7,35.0,77.2,72.4,17.1,13.5,47.3,52.7,41.9,58.1,41.3,45.6,0.3,2.3,0.0,0.3,6.5,314074
VA04,2018,771899,48.3,51.7,5.9,5.7,6.2,6.5,7.1,15.4,12.5,13.1,7.0,6.3,9.0,4.1,1.4,37.5,78.8,74.1,18.0,14.5,47.7,52.3,42.8,57.2,48.1,40.7,0.2,1.9,0.0,0.4,5.7,315213
VA05,2018,727064,48.7,51.3,4.9,5.5,5.7,6.6,6.8,11.6,11.1,13.1,7.2,7.5,11.7,5.8,2.4,42.6,80.4,75.5,24.2,19.9,48.0,52.0,44.7,55.3,73.1,18.2,0.3,1.6,0.0,0.2,3.6,352356
VA06,2018,752763,48.5,51.5,5.7,5.8,5.2,7.3,8.5,12.2,11.6,12.3,6.6,6.7,10.3,5.4,2.4,39.5,79.8,74.1,21.7,18.1,47.9,52.1,44.4,55.6,78.9,11.0,0.3,2.0,0.0,0.2,5.5,331817
VA07,2018,790084,48.8,51.2,5.6,6.3,6.9,6.9,5.5,12.7,13.0,14.0,7.3,6.1,9.5,4.2,1.9,39.7,76.8,73.3,19.1,15.6,48.1,51.9,44.4,55.6,65.5,18.3,0.3,5.1,0.0,0.3,7.3,312724
VA08,2018,801609,49.7,50.3,7.0,5.6,5.5,4.6,5.7,19.6,16.7,13.2,5.7,5.0,7.0,3.2,1.2,36.1,79.1,76.8,14.4,11.4,49.4,50.6,45.9,54.1,51.3,14.6,0.1,10.9,0.1,0.1,19.4,339854
VA09,2018,711755,49.6,50.4,4.6,5.1,5.4,6.8,7.9,11.1,11.4,13.6,6.8,7.4,11.6,6.2,2.2,42.9,81.6,75.8,24.6,20.0,49.5,50.5,44.0,56.0,89.2,5.1,0.2,1.4,0.0,0.1,2.3,347405
VA10,2018,850118,49.9,50.1,6.4,7.4,7.9,7.3,5.1,11.4,14.7,15.7,7.0,5.4,7.2,3.2,1.3,38.0,73.4,69.9,14.6,11.6,49.5,50.5,47.1,52.9,58.7,7.1,0.2,15.7,0.0,0.1,14.3,289283
VA11,2018,778215,49.2,50.8,6.2,6.6,6.7,6.5,6.7,13.8,14.6,14.3,6.5,5.8,7.6,3.3,1.4,37.4,76.4,72.6,15.5,12.2,48.5,51.5,44.0,56.0,47.2,12.6,0.3,18.3,0.0,0.3,17.4,282576
WA01,2018,744868,49.9,50.1,6.7,6.4,6.6,5.9,4.2,14.9,14.8,13.5,6.8,6.3,8.9,3.7,1.4,38.3,76.4,73.6,17.8,14.0,49.7,50.3,45.5,54.5,72.4,1.3,1.1,11.5,0.2,0.2,8.8,298206
WA02,2018,745184,49.9,50.1,5.6,5.7,5.8,5.8,8.0,14.1,13.0,12.8,6.5,6.9,9.5,4.3,1.9,38.7,79.5,75.4,19.8,15.7,49.5,50.5,45.0,55.0,70.8,3.0,0.9,8.3,0.5,0.2,11.2,319206
WA03,2018,731931,49.5,50.5,5.7,6.7,6.7,6.2,5.5,12.3,12.8,13.3,7.0,6.8,10.5,4.5,2.0,39.9,76.8,73.7,21.1,17.0,49.2,50.8,46.0,54.0,80.1,1.4,0.6,3.6,0.5,0.2,9.7,302015
WA04,2018,724053,50.5,49.5,7.7,8.1,8.2,7.1,6.6,13.6,12.4,11.3,5.9,5.4,8.3,4.1,1.4,34.1,71.3,67.2,16.9,13.8,50.4,49.6,47.2,52.8,53.5,0.9,2.3,1.7,0.1,0.1,39.2,271628
WA05,2018,716859,49.7,50.3,5.7,5.6,6.4,7.3,8.0,13.5,11.6,11.9,6.8,6.6,10.1,4.6,1.9,37.9,78.6,72.9,20.5,16.6,49.4,50.6,45.8,54.2,83.3,1.3,1.4,2.3,0.5,0.1,6.8,314320
WA06,2018,713112,50.3,49.7,5.5,5.8,5.4,5.3,6.2,13.3,12.0,12.3,6.7,7.6,12.3,5.6,2.0,41.5,80.1,76.8,24.6,19.8,50.1,49.9,46.0,54.0,76.6,3.3,1.8,4.4,0.5,0.2,7.7,327465
WA07,2018,768408,49.4,50.6,5.1,4.7,3.8,4.8,7.3,20.9,14.4,13.0,5.9,6.0,8.7,3.5,2.1,36.9,84.0,80.7,18.1,14.2,49.4,50.6,45.3,54.7,69.1,4.1,0.3,12.6,0.3,0.2,7.7,374924
WA08,2018,757166,50.5,49.5,6.8,7.3,6.7,6.8,5.9,12.4,14.1,13.8,7.2,6.3,7.7,3.6,1.4,37.6,74.9,70.9,16.1,12.7,50.1,49.9,46.5,53.5,69.4,2.4,0.7,9.6,0.8,0.3,12.1,297606
WA09,2018,765319,50.5,49.5,5.9,6.0,5.8,5.3,6.3,18.0,14.2,13.8,6.2,5.6,7.7,3.5,1.8,36.9,79.0,75.8,16.4,13.0,50.5,49.5,43.6,56.4,45.7,11.1,0.3,22.9,1.2,0.6,12.4,304438
WA10,2018,738843,49.2,50.8,6.7,6.6,6.4,5.9,6.9,15.9,12.6,12.1,6.3,6.1,9.0,3.9,1.6,36.1,76.7,72.9,18.0,14.4,48.5,51.5,43.9,56.1,66.0,6.1,0.9,6.4,1.7,0.1,11.7,293455
WV01,2018,611376,49.8,50.2,5.2,5.3,5.8,6.7,7.4,11.9,12.0,12.7,6.6,7.4,11.0,5.7,2.1,41.2,80.5,75.4,23.1,18.9,49.5,50.5,44.9,55.1,93.2,2.7,0.2,0.9,0.0,0.3,1.1,290632
WV02,2018,621635,49.0,51.0,5.5,6.2,6.0,6.3,5.3,11.4,12.1,13.9,7.1,7.3,11.0,5.8,2.0,42.5,78.5,74.7,23.0,18.8,48.7,51.3,45.4,54.6,90.1,4.8,0.1,1.0,0.0,0.6,1.8,300803
WV03,2018,582846,49.4,50.6,5.5,5.7,5.9,5.9,5.7,11.1,12.3,12.7,6.9,7.9,12.3,5.8,2.2,43.2,79.4,75.9,24.8,20.3,48.5,51.5,45.1,54.9,92.7,4.3,0.1,0.4,0.0,0.3,0.8,300805
WI01,2018,715529,49.7,50.3,5.6,6.0,7.0,6.6,5.9,11.9,12.2,14.2,8.0,6.9,9.4,4.4,1.9,40.6,77.2,73.5,19.8,15.8,49.2,50.8,45.4,54.6,80.1,5.5,0.2,1.5,0.1,0.4,10.2,307665
WI02,2018,761806,49.7,50.3,6.0,6.1,6.0,6.5,9.2,14.1,13.0,12.4,6.4,6.1,8.7,4.1,1.6,36.4,78.4,73.5,17.9,14.4,49.5,50.5,45.1,54.9,81.3,4.4,0.4,4.6,0.0,0.2,6.7,332770
WI03,2018,720944,50.3,49.7,5.4,5.5,6.3,7.5,9.2,11.7,11.0,12.2,7.4,6.5,9.9,4.9,2.4,38.7,79.2,73.1,21.2,17.3,49.9,50.1,46.1,53.9,91.7,1.2,0.5,2.0,0.3,0.1,2.7,327832
WI04,2018,708971,47.9,52.1,7.3,6.9,6.8,7.1,8.1,16.2,12.4,11.7,6.1,5.4,7.1,3.1,1.8,33.2,75.1,70.3,15.1,12.0,47.3,52.7,41.5,58.5,41.8,33.2,0.4,4.2,0.0,0.3,17.5,312687
WI05,2018,730386,49.5,50.5,5.2,5.9,6.0,6.4,5.6,12.5,12.3,13.8,7.7,6.8,9.9,5.3,2.6,41.6,79.1,75.5,21.7,17.8,48.8,51.2,43.7,56.3,86.7,2.4,0.2,3.0,0.1,0.0,5.8,312082
WI06,2018,715060,50.4,49.6,5.4,5.5,6.5,6.3,6.5,11.5,11.7,13.7,7.9,7.1,10.3,5.3,2.6,42.1,78.9,75.2,22.5,18.1,50.3,49.7,45.6,54.4,89.1,1.7,0.3,2.5,0.0,0.1,4.6,328104
WI07,2018,710385,50.1,49.9,5.4,5.8,6.6,5.8,5.1,10.4,11.4,13.4,8.0,8.1,11.6,6.0,2.4,44.4,78.3,75.4,24.9,20.0,49.9,50.1,47.4,52.6,91.5,0.7,1.9,1.7,0.0,0.1,2.3,423092
WI08,2018,732402,49.8,50.2,5.9,6.3,6.5,6.3,5.9,11.9,12.4,13.7,7.9,6.5,9.6,4.9,2.1,40.5,77.2,74.0,20.4,16.6,49.6,50.4,45.8,54.2,86.7,1.5,2.2,2.3,0.0,0.1,5.4,351071
WY01,2018,579315,51.1,48.9,6.5,7.0,6.6,6.7,6.3,13.8,12.2,11.2,7.6,6.5,9.5,4.3,1.8,37.5,76.2,72.0,19.4,15.6,50.8,49.2,48.0,52.0,84.0,0.9,2.1,0.8,0.0,0.0,10.0,276733
